debugnyyqC:debugxiWgq,0,1601321933886,"{""type"": ""platformInfo"", ""navigator"": {}}"
debugnyyqC:debugxiWgq,1,1601321933932,"{""type"": ""loadViewer"", ""phase"": ""TEST""}"
debugnyyqC:debugxiWgq,2,1601321933932,"{""type"": ""runStep"", ""phase"": ""TEST"", ""iStep"": 0, ""step"": ""instructions/instruct-general.html""}"
debugnyyqC:debugxiWgq,3,1601321946369,"{""type"": ""finishStep"", ""phase"": ""TEST""}"
debugnyyqC:debugxiWgq,4,1601321946371,"{""type"": ""runStep"", ""phase"": ""TEST"", ""iStep"": 1, ""step"": ""instructions/instruct-flythrough.html""}"
debugnyyqC:debugxiWgq,5,1601321947388,"{""type"": ""finishStep"", ""phase"": ""TEST""}"
debugnyyqC:debugxiWgq,6,1601321947389,"{""type"": ""runStep"", ""phase"": ""TEST"", ""iStep"": 3, ""step"": ""instructions/instruct-training.html""}"
debugnyyqC:debugxiWgq,7,1601321950281,"{""type"": ""finishStep"", ""phase"": ""TEST""}"
debugnyyqC:debugxiWgq,8,1601321950282,"{""type"": ""runStep"", ""phase"": ""TEST"", ""iStep"": 5, ""step"": ""instructions/instruct-task.html""}"
debugnyyqC:debugxiWgq,9,1601321953134,"{""type"": ""finishStep"", ""phase"": ""TEST""}"
debugnyyqC:debugxiWgq,10,1601321953135,"{""type"": ""runStep"", ""phase"": ""TEST"", ""iStep"": 6, ""step"": ""viewer""}"
debugnyyqC:debugxiWgq,11,1601321953729,"{""phase"": ""TEST"", ""event"": ""setEpisode"", ""data"": {""episode"": {""startState"": {""position"": [-1.2676633596420288, 0.2047852873802185, 12.595427513122559], ""rotation"": [0, 0.4536385088584658, 0, 0.8911857849408661]}, ""sceneID"": ""skokloster-castle.glb"", ""objects"": [{""object"": "" soccer ball"", ""objectIcon"": ""/data/test_assets/objects/mini_soccer_ball.png"", ""objectHandle"": ""/data/objects/mini_soccer_ball.phys_properties.json"", ""position"": [0.7388381958007812, 0.19221456348896027, 20.759920120239258], ""motionType"": ""STATIC""}, {""object"": ""colored wood blocks"", ""objectIcon"": ""/data/test_assets/objects/colored_wood_blocks.png"", ""objectHandle"": ""/data/objects/colored_wood_blocks.phys_properties.json"", ""position"": [1.0410436391830444, 0.192904531955719, 21.877525329589844], ""motionType"": ""STATIC""}, {""object"": ""sphere"", ""objectIcon"": ""/data/test_assets/objects/sphere.png"", ""objectHandle"": ""/data/objects/sphere.phys_properties.json"", ""position"": [-0.9517786502838135, 0.167676642537117, 11.343990325927734], ""motionType"": ""STATIC""}, {""object"": ""colored wood blocks"", ""objectIcon"": ""/data/test_assets/objects/colored_wood_blocks.png"", ""objectHandle"": ""/data/objects/colored_wood_blocks.phys_properties.json"", ""position"": [2.7583677768707275, 0.20991861820220947, 15.709589958190918], ""motionType"": ""STATIC""}], ""task"": {""instruction"": ""Stack the soccer ball on colored wood blocks"", ""goals"": {""objectToReceptacleMap"": {""0"": [1],""1"": [0]}}}}}}"
debugnyyqC:debugxiWgq,12,1601321953730,"{""phase"": ""TEST"", ""event"": ""simReset"", ""data"": {}}"
debugnyyqC:debugxiWgq,13,1601321953747,"{""phase"": ""TEST"", ""event"": ""stepPhysics"", ""data"": {""step"": 0.1}}"
debugnyyqC:debugxiWgq,14,1601321953815,"{""phase"": ""TEST"", ""event"": ""stepPhysics"", ""data"": {""step"": 0.1}}"
debugnyyqC:debugxiWgq,15,1601321953917,"{""phase"": ""TEST"", ""event"": ""stepPhysics"", ""data"": {""step"": 0.1}}"
debugnyyqC:debugxiWgq,16,1601321954015,"{""phase"": ""TEST"", ""event"": ""stepPhysics"", ""data"": {""step"": 0.1}}"
debugnyyqC:debugxiWgq,17,1601321954120,"{""phase"": ""TEST"", ""event"": ""stepPhysics"", ""data"": {""step"": 0.1}}"
debugnyyqC:debugxiWgq,18,1601321954215,"{""phase"": ""TEST"", ""event"": ""stepPhysics"", ""data"": {""step"": 0.1}}"
debugnyyqC:debugxiWgq,19,1601321954316,"{""phase"": ""TEST"", ""event"": ""stepPhysics"", ""data"": {""step"": 0.1}}"
debugnyyqC:debugxiWgq,20,1601321954416,"{""phase"": ""TEST"", ""event"": ""stepPhysics"", ""data"": {""step"": 0.1}}"
debugnyyqC:debugxiWgq,21,1601321954424,"{""phase"": ""TEST"", ""event"": ""handleAction"", ""data"": {""action"": ""turnRight""}}"
debugnyyqC:debugxiWgq,22,1601321954517,"{""phase"": ""TEST"", ""event"": ""stepPhysics"", ""data"": {""step"": 0.1}}"
debugnyyqC:debugxiWgq,23,1601321954616,"{""phase"": ""TEST"", ""event"": ""stepPhysics"", ""data"": {""step"": 0.1}}"
debugnyyqC:debugxiWgq,24,1601321954690,"{""phase"": ""TEST"", ""event"": ""handleAction"", ""data"": {""action"": ""turnRight""}}"
debugnyyqC:debugxiWgq,25,1601321954715,"{""phase"": ""TEST"", ""event"": ""stepPhysics"", ""data"": {""step"": 0.1}}"
debugnyyqC:debugxiWgq,26,1601321954818,"{""phase"": ""TEST"", ""event"": ""stepPhysics"", ""data"": {""step"": 0.1}}"
debugnyyqC:debugxiWgq,27,1601321954904,"{""phase"": ""TEST"", ""event"": ""handleAction"", ""data"": {""action"": ""turnRight""}}"
debugnyyqC:debugxiWgq,28,1601321954915,"{""phase"": ""TEST"", ""event"": ""stepPhysics"", ""data"": {""step"": 0.1}}"
debugnyyqC:debugxiWgq,29,1601321955015,"{""phase"": ""TEST"", ""event"": ""stepPhysics"", ""data"": {""step"": 0.1}}"
debugnyyqC:debugxiWgq,30,1601321955115,"{""phase"": ""TEST"", ""event"": ""stepPhysics"", ""data"": {""step"": 0.1}}"
debugnyyqC:debugxiWgq,31,1601321955122,"{""phase"": ""TEST"", ""event"": ""handleAction"", ""data"": {""action"": ""turnRight""}}"
debugnyyqC:debugxiWgq,32,1601321955220,"{""phase"": ""TEST"", ""event"": ""stepPhysics"", ""data"": {""step"": 0.1}}"
debugnyyqC:debugxiWgq,33,1601321955315,"{""phase"": ""TEST"", ""event"": ""stepPhysics"", ""data"": {""step"": 0.1}}"
debugnyyqC:debugxiWgq,34,1601321955346,"{""phase"": ""TEST"", ""event"": ""handleAction"", ""data"": {""action"": ""turnRight""}}"
debugnyyqC:debugxiWgq,35,1601321955416,"{""phase"": ""TEST"", ""event"": ""stepPhysics"", ""data"": {""step"": 0.1}}"
debugnyyqC:debugxiWgq,36,1601321955520,"{""phase"": ""TEST"", ""event"": ""stepPhysics"", ""data"": {""step"": 0.1}}"
debugnyyqC:debugxiWgq,37,1601321955551,"{""phase"": ""TEST"", ""event"": ""handleAction"", ""data"": {""action"": ""lookDown""}}"
debugnyyqC:debugxiWgq,38,1601321955619,"{""phase"": ""TEST"", ""event"": ""stepPhysics"", ""data"": {""step"": 0.1}}"
debugnyyqC:debugxiWgq,39,1601321955720,"{""phase"": ""TEST"", ""event"": ""stepPhysics"", ""data"": {""step"": 0.1}}"
debugnyyqC:debugxiWgq,40,1601321955755,"{""phase"": ""TEST"", ""event"": ""handleAction"", ""data"": {""action"": ""lookDown""}}"
debugnyyqC:debugxiWgq,41,1601321955819,"{""phase"": ""TEST"", ""event"": ""stepPhysics"", ""data"": {""step"": 0.1}}"
debugnyyqC:debugxiWgq,42,1601321955915,"{""phase"": ""TEST"", ""event"": ""stepPhysics"", ""data"": {""step"": 0.1}}"
debugnyyqC:debugxiWgq,43,1601321955938,"{""phase"": ""TEST"", ""event"": ""handleAction"", ""data"": {""action"": ""turnRight""}}"
debugnyyqC:debugxiWgq,44,1601321956017,"{""phase"": ""TEST"", ""event"": ""stepPhysics"", ""data"": {""step"": 0.1}}"
debugnyyqC:debugxiWgq,45,1601321956120,"{""phase"": ""TEST"", ""event"": ""stepPhysics"", ""data"": {""step"": 0.1}}"
debugnyyqC:debugxiWgq,46,1601321956216,"{""phase"": ""TEST"", ""event"": ""stepPhysics"", ""data"": {""step"": 0.1}}"
debugnyyqC:debugxiWgq,47,1601321956223,"{""phase"": ""TEST"", ""event"": ""handleAction"", ""data"": {""action"": ""lookDown""}}"
debugnyyqC:debugxiWgq,48,1601321956315,"{""phase"": ""TEST"", ""event"": ""stepPhysics"", ""data"": {""step"": 0.1}}"
debugnyyqC:debugxiWgq,49,1601321956415,"{""phase"": ""TEST"", ""event"": ""stepPhysics"", ""data"": {""step"": 0.1}}"
debugnyyqC:debugxiWgq,50,1601321956488,"{""phase"": ""TEST"", ""event"": ""handleAction"", ""data"": {""action"": ""lookDown""}}"
debugnyyqC:debugxiWgq,51,1601321956516,"{""phase"": ""TEST"", ""event"": ""stepPhysics"", ""data"": {""step"": 0.1}}"
debugnyyqC:debugxiWgq,52,1601321956620,"{""phase"": ""TEST"", ""event"": ""stepPhysics"", ""data"": {""step"": 0.1}}"
debugnyyqC:debugxiWgq,53,1601321956716,"{""phase"": ""TEST"", ""event"": ""stepPhysics"", ""data"": {""step"": 0.1}}"
debugnyyqC:debugxiWgq,54,1601321956749,"{""phase"": ""TEST"", ""event"": ""handleAction"", ""data"": {""action"": ""moveForward""}}"
debugnyyqC:debugxiWgq,55,1601321956819,"{""phase"": ""TEST"", ""event"": ""stepPhysics"", ""data"": {""step"": 0.1}}"
debugnyyqC:debugxiWgq,56,1601321956916,"{""phase"": ""TEST"", ""event"": ""stepPhysics"", ""data"": {""step"": 0.1}}"
debugnyyqC:debugxiWgq,57,1601321957016,"{""phase"": ""TEST"", ""event"": ""stepPhysics"", ""data"": {""step"": 0.1}}"
debugnyyqC:debugxiWgq,58,1601321957092,"{""phase"": ""TEST"", ""event"": ""handleAction"", ""data"": {""action"": ""moveForward""}}"
debugnyyqC:debugxiWgq,59,1601321957116,"{""phase"": ""TEST"", ""event"": ""stepPhysics"", ""data"": {""step"": 0.1}}"
debugnyyqC:debugxiWgq,60,1601321957128,"{""phase"": ""TEST"", ""event"": ""handleAction"", ""data"": {""action"": ""turnRight""}}"
debugnyyqC:debugxiWgq,61,1601321957216,"{""phase"": ""TEST"", ""event"": ""stepPhysics"", ""data"": {""step"": 0.1}}"
debugnyyqC:debugxiWgq,62,1601321957290,"{""phase"": ""TEST"", ""event"": ""handleAction"", ""data"": {""action"": ""turnRight""}}"
debugnyyqC:debugxiWgq,63,1601321957317,"{""phase"": ""TEST"", ""event"": ""stepPhysics"", ""data"": {""step"": 0.1}}"
debugnyyqC:debugxiWgq,64,1601321957398,"{""phase"": ""TEST"", ""event"": ""handleAction"", ""data"": {""action"": ""lookDown""}}"
debugnyyqC:debugxiWgq,65,1601321957416,"{""phase"": ""TEST"", ""event"": ""stepPhysics"", ""data"": {""step"": 0.1}}"
debugnyyqC:debugxiWgq,66,1601321957520,"{""phase"": ""TEST"", ""event"": ""stepPhysics"", ""data"": {""step"": 0.1}}"
debugnyyqC:debugxiWgq,67,1601321957582,"{""phase"": ""TEST"", ""event"": ""handleAction"", ""data"": {""action"": ""lookDown""}}"
debugnyyqC:debugxiWgq,68,1601321957616,"{""phase"": ""TEST"", ""event"": ""stepPhysics"", ""data"": {""step"": 0.1}}"
debugnyyqC:debugxiWgq,69,1601321957715,"{""phase"": ""TEST"", ""event"": ""stepPhysics"", ""data"": {""step"": 0.1}}"
debugnyyqC:debugxiWgq,70,1601321957820,"{""phase"": ""TEST"", ""event"": ""stepPhysics"", ""data"": {""step"": 0.1}}"
debugnyyqC:debugxiWgq,71,1601321957920,"{""phase"": ""TEST"", ""event"": ""stepPhysics"", ""data"": {""step"": 0.1}}"
debugnyyqC:debugxiWgq,72,1601321958015,"{""phase"": ""TEST"", ""event"": ""stepPhysics"", ""data"": {""step"": 0.1}}"
debugnyyqC:debugxiWgq,73,1601321958118,"{""phase"": ""TEST"", ""event"": ""stepPhysics"", ""data"": {""step"": 0.1}}"
debugnyyqC:debugxiWgq,74,1601321958178,"{""phase"": ""TEST"", ""event"": ""handleAction"", ""data"": {""action"": ""grabReleaseObject""}}"
debugnyyqC:debugxiWgq,75,1601321958215,"{""phase"": ""TEST"", ""event"": ""stepPhysics"", ""data"": {""step"": 0.1}}"
debugnyyqC:debugxiWgq,76,1601321958316,"{""phase"": ""TEST"", ""event"": ""stepPhysics"", ""data"": {""step"": 0.1}}"
debugnyyqC:debugxiWgq,77,1601321958420,"{""phase"": ""TEST"", ""event"": ""stepPhysics"", ""data"": {""step"": 0.1}}"
debugnyyqC:debugxiWgq,78,1601321958520,"{""phase"": ""TEST"", ""event"": ""stepPhysics"", ""data"": {""step"": 0.1}}"
debugnyyqC:debugxiWgq,79,1601321958574,"{""phase"": ""TEST"", ""event"": ""handleAction"", ""data"": {""action"": ""turnRight""}}"
debugnyyqC:debugxiWgq,80,1601321958616,"{""phase"": ""TEST"", ""event"": ""stepPhysics"", ""data"": {""step"": 0.1}}"
debugnyyqC:debugxiWgq,81,1601321958720,"{""phase"": ""TEST"", ""event"": ""stepPhysics"", ""data"": {""step"": 0.1}}"
debugnyyqC:debugxiWgq,82,1601321958820,"{""phase"": ""TEST"", ""event"": ""stepPhysics"", ""data"": {""step"": 0.1}}"
debugnyyqC:debugxiWgq,83,1601321958919,"{""phase"": ""TEST"", ""event"": ""stepPhysics"", ""data"": {""step"": 0.1}}"
debugnyyqC:debugxiWgq,84,1601321959020,"{""phase"": ""TEST"", ""event"": ""stepPhysics"", ""data"": {""step"": 0.1}}"
debugnyyqC:debugxiWgq,85,1601321959075,"{""phase"": ""TEST"", ""event"": ""handleAction"", ""data"": {""action"": ""turnRight""}}"
debugnyyqC:debugxiWgq,86,1601321959118,"{""phase"": ""TEST"", ""event"": ""stepPhysics"", ""data"": {""step"": 0.1}}"
debugnyyqC:debugxiWgq,87,1601321959160,"{""phase"": ""TEST"", ""event"": ""handleAction"", ""data"": {""action"": ""turnRight""}}"
debugnyyqC:debugxiWgq,88,1601321959217,"{""phase"": ""TEST"", ""event"": ""stepPhysics"", ""data"": {""step"": 0.1}}"
debugnyyqC:debugxiWgq,89,1601321959243,"{""phase"": ""TEST"", ""event"": ""handleAction"", ""data"": {""action"": ""turnRight""}}"
debugnyyqC:debugxiWgq,90,1601321959316,"{""phase"": ""TEST"", ""event"": ""stepPhysics"", ""data"": {""step"": 0.1}}"
debugnyyqC:debugxiWgq,91,1601321959327,"{""phase"": ""TEST"", ""event"": ""handleAction"", ""data"": {""action"": ""turnRight""}}"
debugnyyqC:debugxiWgq,92,1601321959411,"{""phase"": ""TEST"", ""event"": ""handleAction"", ""data"": {""action"": ""turnRight""}}"
debugnyyqC:debugxiWgq,93,1601321959415,"{""phase"": ""TEST"", ""event"": ""stepPhysics"", ""data"": {""step"": 0.1}}"
debugnyyqC:debugxiWgq,94,1601321959429,"{""phase"": ""TEST"", ""event"": ""handleAction"", ""data"": {""action"": ""lookUp""}}"
debugnyyqC:debugxiWgq,95,1601321959516,"{""phase"": ""TEST"", ""event"": ""stepPhysics"", ""data"": {""step"": 0.1}}"
debugnyyqC:debugxiWgq,96,1601321959578,"{""phase"": ""TEST"", ""event"": ""handleAction"", ""data"": {""action"": ""lookUp""}}"
debugnyyqC:debugxiWgq,97,1601321959615,"{""phase"": ""TEST"", ""event"": ""stepPhysics"", ""data"": {""step"": 0.1}}"
debugnyyqC:debugxiWgq,98,1601321959715,"{""phase"": ""TEST"", ""event"": ""stepPhysics"", ""data"": {""step"": 0.1}}"
debugnyyqC:debugxiWgq,99,1601321959781,"{""phase"": ""TEST"", ""event"": ""handleAction"", ""data"": {""action"": ""lookUp""}}"
debugnyyqC:debugxiWgq,100,1601321959815,"{""phase"": ""TEST"", ""event"": ""stepPhysics"", ""data"": {""step"": 0.1}}"
debugnyyqC:debugxiWgq,101,1601321959919,"{""phase"": ""TEST"", ""event"": ""stepPhysics"", ""data"": {""step"": 0.1}}"
debugnyyqC:debugxiWgq,102,1601321959955,"{""phase"": ""TEST"", ""event"": ""handleAction"", ""data"": {""action"": ""lookUp""}}"
debugnyyqC:debugxiWgq,103,1601321960016,"{""phase"": ""TEST"", ""event"": ""stepPhysics"", ""data"": {""step"": 0.1}}"
debugnyyqC:debugxiWgq,104,1601321960117,"{""phase"": ""TEST"", ""event"": ""stepPhysics"", ""data"": {""step"": 0.1}}"
debugnyyqC:debugxiWgq,105,1601321960124,"{""phase"": ""TEST"", ""event"": ""handleAction"", ""data"": {""action"": ""lookUp""}}"
debugnyyqC:debugxiWgq,106,1601321960218,"{""phase"": ""TEST"", ""event"": ""stepPhysics"", ""data"": {""step"": 0.1}}"
debugnyyqC:debugxiWgq,107,1601321960320,"{""phase"": ""TEST"", ""event"": ""stepPhysics"", ""data"": {""step"": 0.1}}"
debugnyyqC:debugxiWgq,108,1601321960339,"{""phase"": ""TEST"", ""event"": ""handleAction"", ""data"": {""action"": ""grabReleaseObject""}}"
debugnyyqC:debugxiWgq,109,1601321960415,"{""phase"": ""TEST"", ""event"": ""stepPhysics"", ""data"": {""step"": 0.1}}"
debugnyyqC:debugxiWgq,110,1601321960520,"{""phase"": ""TEST"", ""event"": ""stepPhysics"", ""data"": {""step"": 0.1}}"
debugnyyqC:debugxiWgq,111,1601321960620,"{""phase"": ""TEST"", ""event"": ""stepPhysics"", ""data"": {""step"": 0.1}}"
debugnyyqC:debugxiWgq,112,1601321960720,"{""phase"": ""TEST"", ""event"": ""stepPhysics"", ""data"": {""step"": 0.1}}"
debugnyyqC:debugxiWgq,113,1601321960815,"{""phase"": ""TEST"", ""event"": ""stepPhysics"", ""data"": {""step"": 0.1}}"
debugnyyqC:debugxiWgq,114,1601321960918,"{""phase"": ""TEST"", ""event"": ""stepPhysics"", ""data"": {""step"": 0.1}}"
debugnyyqC:debugxiWgq,115,1601321961020,"{""phase"": ""TEST"", ""event"": ""stepPhysics"", ""data"": {""step"": 0.1}}"
debugnyyqC:debugxiWgq,116,1601321961093,"{""phase"": ""TEST"", ""event"": ""handleAction"", ""data"": {""action"": ""moveForward""}}"
debugnyyqC:debugxiWgq,117,1601321961115,"{""phase"": ""TEST"", ""event"": ""stepPhysics"", ""data"": {""step"": 0.1}}"
debugnyyqC:debugxiWgq,118,1601321961217,"{""phase"": ""TEST"", ""event"": ""stepPhysics"", ""data"": {""step"": 0.1}}"
debugnyyqC:debugxiWgq,119,1601321961316,"{""phase"": ""TEST"", ""event"": ""stepPhysics"", ""data"": {""step"": 0.1}}"
debugnyyqC:debugxiWgq,120,1601321961420,"{""phase"": ""TEST"", ""event"": ""stepPhysics"", ""data"": {""step"": 0.1}}"
debugnyyqC:debugxiWgq,121,1601321961516,"{""phase"": ""TEST"", ""event"": ""stepPhysics"", ""data"": {""step"": 0.1}}"
debugnyyqC:debugxiWgq,122,1601321961595,"{""phase"": ""TEST"", ""event"": ""handleAction"", ""data"": {""action"": ""moveForward""}}"
debugnyyqC:debugxiWgq,123,1601321961616,"{""phase"": ""TEST"", ""event"": ""stepPhysics"", ""data"": {""step"": 0.1}}"
debugnyyqC:debugxiWgq,124,1601321961678,"{""phase"": ""TEST"", ""event"": ""handleAction"", ""data"": {""action"": ""moveForward""}}"
debugnyyqC:debugxiWgq,125,1601321961719,"{""phase"": ""TEST"", ""event"": ""stepPhysics"", ""data"": {""step"": 0.1}}"
debugnyyqC:debugxiWgq,126,1601321961761,"{""phase"": ""TEST"", ""event"": ""handleAction"", ""data"": {""action"": ""moveForward""}}"
debugnyyqC:debugxiWgq,127,1601321961815,"{""phase"": ""TEST"", ""event"": ""stepPhysics"", ""data"": {""step"": 0.1}}"
debugnyyqC:debugxiWgq,128,1601321961846,"{""phase"": ""TEST"", ""event"": ""handleAction"", ""data"": {""action"": ""moveForward""}}"
debugnyyqC:debugxiWgq,129,1601321961920,"{""phase"": ""TEST"", ""event"": ""stepPhysics"", ""data"": {""step"": 0.1}}"
debugnyyqC:debugxiWgq,130,1601321961928,"{""phase"": ""TEST"", ""event"": ""handleAction"", ""data"": {""action"": ""moveForward""}}"
debugnyyqC:debugxiWgq,131,1601321962013,"{""phase"": ""TEST"", ""event"": ""handleAction"", ""data"": {""action"": ""moveForward""}}"
debugnyyqC:debugxiWgq,132,1601321962016,"{""phase"": ""TEST"", ""event"": ""stepPhysics"", ""data"": {""step"": 0.1}}"
debugnyyqC:debugxiWgq,133,1601321962097,"{""phase"": ""TEST"", ""event"": ""handleAction"", ""data"": {""action"": ""moveForward""}}"
debugnyyqC:debugxiWgq,134,1601321962115,"{""phase"": ""TEST"", ""event"": ""stepPhysics"", ""data"": {""step"": 0.1}}"
debugnyyqC:debugxiWgq,135,1601321962153,"{""phase"": ""TEST"", ""event"": ""handleAction"", ""data"": {""action"": ""turnRight""}}"
debugnyyqC:debugxiWgq,136,1601321962220,"{""phase"": ""TEST"", ""event"": ""stepPhysics"", ""data"": {""step"": 0.1}}"
debugnyyqC:debugxiWgq,137,1601321962315,"{""phase"": ""TEST"", ""event"": ""stepPhysics"", ""data"": {""step"": 0.1}}"
debugnyyqC:debugxiWgq,138,1601321962420,"{""phase"": ""TEST"", ""event"": ""stepPhysics"", ""data"": {""step"": 0.1}}"
debugnyyqC:debugxiWgq,139,1601321962519,"{""phase"": ""TEST"", ""event"": ""stepPhysics"", ""data"": {""step"": 0.1}}"
debugnyyqC:debugxiWgq,140,1601321962620,"{""phase"": ""TEST"", ""event"": ""stepPhysics"", ""data"": {""step"": 0.1}}"
debugnyyqC:debugxiWgq,141,1601321962655,"{""phase"": ""TEST"", ""event"": ""handleAction"", ""data"": {""action"": ""turnRight""}}"
debugnyyqC:debugxiWgq,142,1601321962715,"{""phase"": ""TEST"", ""event"": ""stepPhysics"", ""data"": {""step"": 0.1}}"
debugnyyqC:debugxiWgq,143,1601321962737,"{""phase"": ""TEST"", ""event"": ""handleAction"", ""data"": {""action"": ""turnRight""}}"
debugnyyqC:debugxiWgq,144,1601321962816,"{""phase"": ""TEST"", ""event"": ""stepPhysics"", ""data"": {""step"": 0.1}}"
debugnyyqC:debugxiWgq,145,1601321962824,"{""phase"": ""TEST"", ""event"": ""handleAction"", ""data"": {""action"": ""turnRight""}}"
debugnyyqC:debugxiWgq,146,1601321962904,"{""phase"": ""TEST"", ""event"": ""handleAction"", ""data"": {""action"": ""turnRight""}}"
debugnyyqC:debugxiWgq,147,1601321962915,"{""phase"": ""TEST"", ""event"": ""stepPhysics"", ""data"": {""step"": 0.1}}"
debugnyyqC:debugxiWgq,148,1601321962988,"{""phase"": ""TEST"", ""event"": ""handleAction"", ""data"": {""action"": ""turnRight""}}"
debugnyyqC:debugxiWgq,149,1601321963015,"{""phase"": ""TEST"", ""event"": ""stepPhysics"", ""data"": {""step"": 0.1}}"
debugnyyqC:debugxiWgq,150,1601321963071,"{""phase"": ""TEST"", ""event"": ""handleAction"", ""data"": {""action"": ""turnRight""}}"
debugnyyqC:debugxiWgq,151,1601321963119,"{""phase"": ""TEST"", ""event"": ""stepPhysics"", ""data"": {""step"": 0.1}}"
debugnyyqC:debugxiWgq,152,1601321963219,"{""phase"": ""TEST"", ""event"": ""stepPhysics"", ""data"": {""step"": 0.1}}"
debugnyyqC:debugxiWgq,153,1601321963294,"{""phase"": ""TEST"", ""event"": ""handleAction"", ""data"": {""action"": ""turnRight""}}"
debugnyyqC:debugxiWgq,154,1601321963315,"{""phase"": ""TEST"", ""event"": ""stepPhysics"", ""data"": {""step"": 0.1}}"
debugnyyqC:debugxiWgq,155,1601321963416,"{""phase"": ""TEST"", ""event"": ""stepPhysics"", ""data"": {""step"": 0.1}}"
debugnyyqC:debugxiWgq,156,1601321963457,"{""phase"": ""TEST"", ""event"": ""handleAction"", ""data"": {""action"": ""moveForward""}}"
debugnyyqC:debugxiWgq,157,1601321963515,"{""phase"": ""TEST"", ""event"": ""stepPhysics"", ""data"": {""step"": 0.1}}"
debugnyyqC:debugxiWgq,158,1601321963616,"{""phase"": ""TEST"", ""event"": ""stepPhysics"", ""data"": {""step"": 0.1}}"
debugnyyqC:debugxiWgq,159,1601321963720,"{""phase"": ""TEST"", ""event"": ""stepPhysics"", ""data"": {""step"": 0.1}}"
debugnyyqC:debugxiWgq,160,1601321963818,"{""phase"": ""TEST"", ""event"": ""stepPhysics"", ""data"": {""step"": 0.1}}"
debugnyyqC:debugxiWgq,161,1601321963920,"{""phase"": ""TEST"", ""event"": ""stepPhysics"", ""data"": {""step"": 0.1}}"
debugnyyqC:debugxiWgq,162,1601321963958,"{""phase"": ""TEST"", ""event"": ""handleAction"", ""data"": {""action"": ""moveForward""}}"
debugnyyqC:debugxiWgq,163,1601321963981,"{""phase"": ""TEST"", ""event"": ""handleAction"", ""data"": {""action"": ""turnRight""}}"
debugnyyqC:debugxiWgq,164,1601321964015,"{""phase"": ""TEST"", ""event"": ""stepPhysics"", ""data"": {""step"": 0.1}}"
debugnyyqC:debugxiWgq,165,1601321964117,"{""phase"": ""TEST"", ""event"": ""stepPhysics"", ""data"": {""step"": 0.1}}"
debugnyyqC:debugxiWgq,166,1601321964137,"{""phase"": ""TEST"", ""event"": ""handleAction"", ""data"": {""action"": ""moveForward""}}"
debugnyyqC:debugxiWgq,167,1601321964220,"{""phase"": ""TEST"", ""event"": ""stepPhysics"", ""data"": {""step"": 0.1}}"
debugnyyqC:debugxiWgq,168,1601321964319,"{""phase"": ""TEST"", ""event"": ""stepPhysics"", ""data"": {""step"": 0.1}}"
debugnyyqC:debugxiWgq,169,1601321964417,"{""phase"": ""TEST"", ""event"": ""stepPhysics"", ""data"": {""step"": 0.1}}"
debugnyyqC:debugxiWgq,170,1601321964516,"{""phase"": ""TEST"", ""event"": ""stepPhysics"", ""data"": {""step"": 0.1}}"
debugnyyqC:debugxiWgq,171,1601321964620,"{""phase"": ""TEST"", ""event"": ""stepPhysics"", ""data"": {""step"": 0.1}}"
debugnyyqC:debugxiWgq,172,1601321964636,"{""phase"": ""TEST"", ""event"": ""handleAction"", ""data"": {""action"": ""moveForward""}}"
debugnyyqC:debugxiWgq,173,1601321964719,"{""phase"": ""TEST"", ""event"": ""stepPhysics"", ""data"": {""step"": 0.1}}"
debugnyyqC:debugxiWgq,174,1601321964727,"{""phase"": ""TEST"", ""event"": ""handleAction"", ""data"": {""action"": ""moveForward""}}"
debugnyyqC:debugxiWgq,175,1601321964804,"{""phase"": ""TEST"", ""event"": ""handleAction"", ""data"": {""action"": ""moveForward""}}"
debugnyyqC:debugxiWgq,176,1601321964815,"{""phase"": ""TEST"", ""event"": ""stepPhysics"", ""data"": {""step"": 0.1}}"
debugnyyqC:debugxiWgq,177,1601321964888,"{""phase"": ""TEST"", ""event"": ""handleAction"", ""data"": {""action"": ""moveForward""}}"
debugnyyqC:debugxiWgq,178,1601321964918,"{""phase"": ""TEST"", ""event"": ""stepPhysics"", ""data"": {""step"": 0.1}}"
debugnyyqC:debugxiWgq,179,1601321964971,"{""phase"": ""TEST"", ""event"": ""handleAction"", ""data"": {""action"": ""moveForward""}}"
debugnyyqC:debugxiWgq,180,1601321965015,"{""phase"": ""TEST"", ""event"": ""stepPhysics"", ""data"": {""step"": 0.1}}"
debugnyyqC:debugxiWgq,181,1601321965055,"{""phase"": ""TEST"", ""event"": ""handleAction"", ""data"": {""action"": ""moveForward""}}"
debugnyyqC:debugxiWgq,182,1601321965120,"{""phase"": ""TEST"", ""event"": ""stepPhysics"", ""data"": {""step"": 0.1}}"
debugnyyqC:debugxiWgq,183,1601321965138,"{""phase"": ""TEST"", ""event"": ""handleAction"", ""data"": {""action"": ""moveForward""}}"
debugnyyqC:debugxiWgq,184,1601321965220,"{""phase"": ""TEST"", ""event"": ""stepPhysics"", ""data"": {""step"": 0.1}}"
debugnyyqC:debugxiWgq,185,1601321965228,"{""phase"": ""TEST"", ""event"": ""handleAction"", ""data"": {""action"": ""moveForward""}}"
debugnyyqC:debugxiWgq,186,1601321965306,"{""phase"": ""TEST"", ""event"": ""handleAction"", ""data"": {""action"": ""moveForward""}}"
debugnyyqC:debugxiWgq,187,1601321965315,"{""phase"": ""TEST"", ""event"": ""stepPhysics"", ""data"": {""step"": 0.1}}"
debugnyyqC:debugxiWgq,188,1601321965391,"{""phase"": ""TEST"", ""event"": ""handleAction"", ""data"": {""action"": ""moveForward""}}"
debugnyyqC:debugxiWgq,189,1601321965416,"{""phase"": ""TEST"", ""event"": ""stepPhysics"", ""data"": {""step"": 0.1}}"
debugnyyqC:debugxiWgq,190,1601321965475,"{""phase"": ""TEST"", ""event"": ""handleAction"", ""data"": {""action"": ""moveForward""}}"
debugnyyqC:debugxiWgq,191,1601321965516,"{""phase"": ""TEST"", ""event"": ""stepPhysics"", ""data"": {""step"": 0.1}}"
debugnyyqC:debugxiWgq,192,1601321965559,"{""phase"": ""TEST"", ""event"": ""handleAction"", ""data"": {""action"": ""moveForward""}}"
debugnyyqC:debugxiWgq,193,1601321965617,"{""phase"": ""TEST"", ""event"": ""stepPhysics"", ""data"": {""step"": 0.1}}"
debugnyyqC:debugxiWgq,194,1601321965643,"{""phase"": ""TEST"", ""event"": ""handleAction"", ""data"": {""action"": ""moveForward""}}"
debugnyyqC:debugxiWgq,195,1601321965718,"{""phase"": ""TEST"", ""event"": ""stepPhysics"", ""data"": {""step"": 0.1}}"
debugnyyqC:debugxiWgq,196,1601321965727,"{""phase"": ""TEST"", ""event"": ""handleAction"", ""data"": {""action"": ""moveForward""}}"
debugnyyqC:debugxiWgq,197,1601321965812,"{""phase"": ""TEST"", ""event"": ""handleAction"", ""data"": {""action"": ""moveForward""}}"
debugnyyqC:debugxiWgq,198,1601321965815,"{""phase"": ""TEST"", ""event"": ""stepPhysics"", ""data"": {""step"": 0.1}}"
debugnyyqC:debugxiWgq,199,1601321965896,"{""phase"": ""TEST"", ""event"": ""handleAction"", ""data"": {""action"": ""moveForward""}}"
debugnyyqC:debugxiWgq,200,1601321965915,"{""phase"": ""TEST"", ""event"": ""stepPhysics"", ""data"": {""step"": 0.1}}"
debugnyyqC:debugxiWgq,201,1601321965980,"{""phase"": ""TEST"", ""event"": ""handleAction"", ""data"": {""action"": ""moveForward""}}"
debugnyyqC:debugxiWgq,202,1601321966015,"{""phase"": ""TEST"", ""event"": ""stepPhysics"", ""data"": {""step"": 0.1}}"
debugnyyqC:debugxiWgq,203,1601321966063,"{""phase"": ""TEST"", ""event"": ""handleAction"", ""data"": {""action"": ""moveForward""}}"
debugnyyqC:debugxiWgq,204,1601321966115,"{""phase"": ""TEST"", ""event"": ""stepPhysics"", ""data"": {""step"": 0.1}}"
debugnyyqC:debugxiWgq,205,1601321966147,"{""phase"": ""TEST"", ""event"": ""handleAction"", ""data"": {""action"": ""moveForward""}}"
debugnyyqC:debugxiWgq,206,1601321966218,"{""phase"": ""TEST"", ""event"": ""stepPhysics"", ""data"": {""step"": 0.1}}"
debugnyyqC:debugxiWgq,207,1601321966230,"{""phase"": ""TEST"", ""event"": ""handleAction"", ""data"": {""action"": ""moveForward""}}"
debugnyyqC:debugxiWgq,208,1601321966315,"{""phase"": ""TEST"", ""event"": ""stepPhysics"", ""data"": {""step"": 0.1}}"
debugnyyqC:debugxiWgq,209,1601321966322,"{""phase"": ""TEST"", ""event"": ""handleAction"", ""data"": {""action"": ""moveForward""}}"
debugnyyqC:debugxiWgq,210,1601321966399,"{""phase"": ""TEST"", ""event"": ""handleAction"", ""data"": {""action"": ""moveForward""}}"
debugnyyqC:debugxiWgq,211,1601321966415,"{""phase"": ""TEST"", ""event"": ""stepPhysics"", ""data"": {""step"": 0.1}}"
debugnyyqC:debugxiWgq,212,1601321966483,"{""phase"": ""TEST"", ""event"": ""handleAction"", ""data"": {""action"": ""moveForward""}}"
debugnyyqC:debugxiWgq,213,1601321966515,"{""phase"": ""TEST"", ""event"": ""stepPhysics"", ""data"": {""step"": 0.1}}"
debugnyyqC:debugxiWgq,214,1601321966567,"{""phase"": ""TEST"", ""event"": ""handleAction"", ""data"": {""action"": ""moveForward""}}"
debugnyyqC:debugxiWgq,215,1601321966615,"{""phase"": ""TEST"", ""event"": ""stepPhysics"", ""data"": {""step"": 0.1}}"
debugnyyqC:debugxiWgq,216,1601321966652,"{""phase"": ""TEST"", ""event"": ""handleAction"", ""data"": {""action"": ""moveForward""}}"
debugnyyqC:debugxiWgq,217,1601321966720,"{""phase"": ""TEST"", ""event"": ""stepPhysics"", ""data"": {""step"": 0.1}}"
debugnyyqC:debugxiWgq,218,1601321966736,"{""phase"": ""TEST"", ""event"": ""handleAction"", ""data"": {""action"": ""moveForward""}}"
debugnyyqC:debugxiWgq,219,1601321966764,"{""phase"": ""TEST"", ""event"": ""handleAction"", ""data"": {""action"": ""turnRight""}}"
debugnyyqC:debugxiWgq,220,1601321966815,"{""phase"": ""TEST"", ""event"": ""stepPhysics"", ""data"": {""step"": 0.1}}"
debugnyyqC:debugxiWgq,221,1601321966916,"{""phase"": ""TEST"", ""event"": ""stepPhysics"", ""data"": {""step"": 0.1}}"
debugnyyqC:debugxiWgq,222,1601321967020,"{""phase"": ""TEST"", ""event"": ""stepPhysics"", ""data"": {""step"": 0.1}}"
debugnyyqC:debugxiWgq,223,1601321967060,"{""phase"": ""TEST"", ""event"": ""handleAction"", ""data"": {""action"": ""turnRight""}}"
debugnyyqC:debugxiWgq,224,1601321967117,"{""phase"": ""TEST"", ""event"": ""stepPhysics"", ""data"": {""step"": 0.1}}"
debugnyyqC:debugxiWgq,225,1601321967220,"{""phase"": ""TEST"", ""event"": ""stepPhysics"", ""data"": {""step"": 0.1}}"
debugnyyqC:debugxiWgq,226,1601321967252,"{""phase"": ""TEST"", ""event"": ""handleAction"", ""data"": {""action"": ""turnRight""}}"
debugnyyqC:debugxiWgq,227,1601321967308,"{""phase"": ""TEST"", ""event"": ""handleAction"", ""data"": {""action"": ""moveForward""}}"
debugnyyqC:debugxiWgq,228,1601321967316,"{""phase"": ""TEST"", ""event"": ""stepPhysics"", ""data"": {""step"": 0.1}}"
debugnyyqC:debugxiWgq,229,1601321967418,"{""phase"": ""TEST"", ""event"": ""stepPhysics"", ""data"": {""step"": 0.1}}"
debugnyyqC:debugxiWgq,230,1601321967520,"{""phase"": ""TEST"", ""event"": ""stepPhysics"", ""data"": {""step"": 0.1}}"
debugnyyqC:debugxiWgq,231,1601321967580,"{""phase"": ""TEST"", ""event"": ""handleAction"", ""data"": {""action"": ""moveForward""}}"
debugnyyqC:debugxiWgq,232,1601321967615,"{""phase"": ""TEST"", ""event"": ""stepPhysics"", ""data"": {""step"": 0.1}}"
debugnyyqC:debugxiWgq,233,1601321967718,"{""phase"": ""TEST"", ""event"": ""stepPhysics"", ""data"": {""step"": 0.1}}"
debugnyyqC:debugxiWgq,234,1601321967820,"{""phase"": ""TEST"", ""event"": ""stepPhysics"", ""data"": {""step"": 0.1}}"
debugnyyqC:debugxiWgq,235,1601321967919,"{""phase"": ""TEST"", ""event"": ""stepPhysics"", ""data"": {""step"": 0.1}}"
debugnyyqC:debugxiWgq,236,1601321967972,"{""phase"": ""TEST"", ""event"": ""handleAction"", ""data"": {""action"": ""lookDown""}}"
debugnyyqC:debugxiWgq,237,1601321968019,"{""phase"": ""TEST"", ""event"": ""stepPhysics"", ""data"": {""step"": 0.1}}"
debugnyyqC:debugxiWgq,238,1601321968120,"{""phase"": ""TEST"", ""event"": ""stepPhysics"", ""data"": {""step"": 0.1}}"
debugnyyqC:debugxiWgq,239,1601321968137,"{""phase"": ""TEST"", ""event"": ""handleAction"", ""data"": {""action"": ""moveForward""}}"
debugnyyqC:debugxiWgq,240,1601321968218,"{""phase"": ""TEST"", ""event"": ""stepPhysics"", ""data"": {""step"": 0.1}}"
debugnyyqC:debugxiWgq,241,1601321968253,"{""phase"": ""TEST"", ""event"": ""handleAction"", ""data"": {""action"": ""lookDown""}}"
debugnyyqC:debugxiWgq,242,1601321968318,"{""phase"": ""TEST"", ""event"": ""stepPhysics"", ""data"": {""step"": 0.1}}"
debugnyyqC:debugxiWgq,243,1601321968415,"{""phase"": ""TEST"", ""event"": ""stepPhysics"", ""data"": {""step"": 0.1}}"
debugnyyqC:debugxiWgq,244,1601321968467,"{""phase"": ""TEST"", ""event"": ""handleAction"", ""data"": {""action"": ""lookDown""}}"
debugnyyqC:debugxiWgq,245,1601321968515,"{""phase"": ""TEST"", ""event"": ""stepPhysics"", ""data"": {""step"": 0.1}}"
debugnyyqC:debugxiWgq,246,1601321968617,"{""phase"": ""TEST"", ""event"": ""stepPhysics"", ""data"": {""step"": 0.1}}"
debugnyyqC:debugxiWgq,247,1601321968680,"{""phase"": ""TEST"", ""event"": ""handleAction"", ""data"": {""action"": ""lookDown""}}"
debugnyyqC:debugxiWgq,248,1601321968715,"{""phase"": ""TEST"", ""event"": ""stepPhysics"", ""data"": {""step"": 0.1}}"
debugnyyqC:debugxiWgq,249,1601321968820,"{""phase"": ""TEST"", ""event"": ""stepPhysics"", ""data"": {""step"": 0.1}}"
debugnyyqC:debugxiWgq,250,1601321968907,"{""phase"": ""TEST"", ""event"": ""handleAction"", ""data"": {""action"": ""moveForward""}}"
debugnyyqC:debugxiWgq,251,1601321968916,"{""phase"": ""TEST"", ""event"": ""stepPhysics"", ""data"": {""step"": 0.1}}"
debugnyyqC:debugxiWgq,252,1601321969010,"{""phase"": ""TEST"", ""event"": ""handleAction"", ""data"": {""action"": ""turnLeft""}}"
debugnyyqC:debugxiWgq,253,1601321969015,"{""phase"": ""TEST"", ""event"": ""stepPhysics"", ""data"": {""step"": 0.1}}"
debugnyyqC:debugxiWgq,254,1601321969115,"{""phase"": ""TEST"", ""event"": ""stepPhysics"", ""data"": {""step"": 0.1}}"
debugnyyqC:debugxiWgq,255,1601321969217,"{""phase"": ""TEST"", ""event"": ""stepPhysics"", ""data"": {""step"": 0.1}}"
debugnyyqC:debugxiWgq,256,1601321969318,"{""phase"": ""TEST"", ""event"": ""stepPhysics"", ""data"": {""step"": 0.1}}"
debugnyyqC:debugxiWgq,257,1601321969416,"{""phase"": ""TEST"", ""event"": ""stepPhysics"", ""data"": {""step"": 0.1}}"
debugnyyqC:debugxiWgq,258,1601321969516,"{""phase"": ""TEST"", ""event"": ""stepPhysics"", ""data"": {""step"": 0.1}}"
debugnyyqC:debugxiWgq,259,1601321969613,"{""phase"": ""TEST"", ""event"": ""handleAction"", ""data"": {""action"": ""lookDown""}}"
debugnyyqC:debugxiWgq,260,1601321969615,"{""phase"": ""TEST"", ""event"": ""stepPhysics"", ""data"": {""step"": 0.1}}"
debugnyyqC:debugxiWgq,261,1601321969716,"{""phase"": ""TEST"", ""event"": ""stepPhysics"", ""data"": {""step"": 0.1}}"
debugnyyqC:debugxiWgq,262,1601321969820,"{""phase"": ""TEST"", ""event"": ""stepPhysics"", ""data"": {""step"": 0.1}}"
debugnyyqC:debugxiWgq,263,1601321969917,"{""phase"": ""TEST"", ""event"": ""stepPhysics"", ""data"": {""step"": 0.1}}"
debugnyyqC:debugxiWgq,264,1601321970020,"{""phase"": ""TEST"", ""event"": ""stepPhysics"", ""data"": {""step"": 0.1}}"
debugnyyqC:debugxiWgq,265,1601321970119,"{""phase"": ""TEST"", ""event"": ""stepPhysics"", ""data"": {""step"": 0.1}}"
debugnyyqC:debugxiWgq,266,1601321970220,"{""phase"": ""TEST"", ""event"": ""stepPhysics"", ""data"": {""step"": 0.1}}"
debugnyyqC:debugxiWgq,267,1601321970320,"{""phase"": ""TEST"", ""event"": ""stepPhysics"", ""data"": {""step"": 0.1}}"
debugnyyqC:debugxiWgq,268,1601321970419,"{""phase"": ""TEST"", ""event"": ""stepPhysics"", ""data"": {""step"": 0.1}}"
debugnyyqC:debugxiWgq,269,1601321970519,"{""phase"": ""TEST"", ""event"": ""stepPhysics"", ""data"": {""step"": 0.1}}"
debugnyyqC:debugxiWgq,270,1601321970620,"{""phase"": ""TEST"", ""event"": ""stepPhysics"", ""data"": {""step"": 0.1}}"
debugnyyqC:debugxiWgq,271,1601321970720,"{""phase"": ""TEST"", ""event"": ""stepPhysics"", ""data"": {""step"": 0.1}}"
debugnyyqC:debugxiWgq,272,1601321970820,"{""phase"": ""TEST"", ""event"": ""stepPhysics"", ""data"": {""step"": 0.1}}"
debugnyyqC:debugxiWgq,273,1601321970920,"{""phase"": ""TEST"", ""event"": ""stepPhysics"", ""data"": {""step"": 0.1}}"
debugnyyqC:debugxiWgq,274,1601321971020,"{""phase"": ""TEST"", ""event"": ""stepPhysics"", ""data"": {""step"": 0.1}}"
debugnyyqC:debugxiWgq,275,1601321971120,"{""phase"": ""TEST"", ""event"": ""stepPhysics"", ""data"": {""step"": 0.1}}"
debugnyyqC:debugxiWgq,276,1601321971220,"{""phase"": ""TEST"", ""event"": ""stepPhysics"", ""data"": {""step"": 0.1}}"
debugnyyqC:debugxiWgq,277,1601321971319,"{""phase"": ""TEST"", ""event"": ""stepPhysics"", ""data"": {""step"": 0.1}}"
debugnyyqC:debugxiWgq,278,1601321971420,"{""phase"": ""TEST"", ""event"": ""stepPhysics"", ""data"": {""step"": 0.1}}"
debugnyyqC:debugxiWgq,279,1601321971520,"{""phase"": ""TEST"", ""event"": ""stepPhysics"", ""data"": {""step"": 0.1}}"
debugnyyqC:debugxiWgq,280,1601321971620,"{""phase"": ""TEST"", ""event"": ""stepPhysics"", ""data"": {""step"": 0.1}}"
debugnyyqC:debugxiWgq,281,1601321971720,"{""phase"": ""TEST"", ""event"": ""stepPhysics"", ""data"": {""step"": 0.1}}"
debugnyyqC:debugxiWgq,282,1601321971817,"{""phase"": ""TEST"", ""event"": ""stepPhysics"", ""data"": {""step"": 0.1}}"
debugnyyqC:debugxiWgq,283,1601321971916,"{""phase"": ""TEST"", ""event"": ""stepPhysics"", ""data"": {""step"": 0.1}}"
debugnyyqC:debugxiWgq,284,1601321971940,"{""phase"": ""TEST"", ""event"": ""handleAction"", ""data"": {""action"": ""lookDown""}}"
debugnyyqC:debugxiWgq,285,1601321972016,"{""phase"": ""TEST"", ""event"": ""stepPhysics"", ""data"": {""step"": 0.1}}"
debugnyyqC:debugxiWgq,286,1601321972120,"{""phase"": ""TEST"", ""event"": ""stepPhysics"", ""data"": {""step"": 0.1}}"
debugnyyqC:debugxiWgq,287,1601321972217,"{""phase"": ""TEST"", ""event"": ""stepPhysics"", ""data"": {""step"": 0.1}}"
debugnyyqC:debugxiWgq,288,1601321972320,"{""phase"": ""TEST"", ""event"": ""stepPhysics"", ""data"": {""step"": 0.1}}"
debugnyyqC:debugxiWgq,289,1601321972420,"{""phase"": ""TEST"", ""event"": ""stepPhysics"", ""data"": {""step"": 0.1}}"
debugnyyqC:debugxiWgq,290,1601321972519,"{""phase"": ""TEST"", ""event"": ""stepPhysics"", ""data"": {""step"": 0.1}}"
debugnyyqC:debugxiWgq,291,1601321972620,"{""phase"": ""TEST"", ""event"": ""stepPhysics"", ""data"": {""step"": 0.1}}"
debugnyyqC:debugxiWgq,292,1601321972720,"{""phase"": ""TEST"", ""event"": ""stepPhysics"", ""data"": {""step"": 0.1}}"
debugnyyqC:debugxiWgq,293,1601321972820,"{""phase"": ""TEST"", ""event"": ""stepPhysics"", ""data"": {""step"": 0.1}}"
debugnyyqC:debugxiWgq,294,1601321972920,"{""phase"": ""TEST"", ""event"": ""stepPhysics"", ""data"": {""step"": 0.1}}"
debugnyyqC:debugxiWgq,295,1601321972928,"{""phase"": ""TEST"", ""event"": ""handleAction"", ""data"": {""action"": ""grabReleaseObject""}}"
debugnyyqC:debugxiWgq,296,1601321973015,"{""phase"": ""TEST"", ""event"": ""stepPhysics"", ""data"": {""step"": 0.1}}"
debugnyyqC:debugxiWgq,297,1601321973120,"{""phase"": ""TEST"", ""event"": ""stepPhysics"", ""data"": {""step"": 0.1}}"
debugnyyqC:debugxiWgq,298,1601321973220,"{""phase"": ""TEST"", ""event"": ""stepPhysics"", ""data"": {""step"": 0.1}}"
debugnyyqC:debugxiWgq,299,1601321973316,"{""phase"": ""TEST"", ""event"": ""stepPhysics"", ""data"": {""step"": 0.1}}"
debugnyyqC:debugxiWgq,300,1601321973323,"{""phase"": ""TEST"", ""event"": ""handleAction"", ""data"": {""action"": ""turnLeft""}}"
debugnyyqC:debugxiWgq,301,1601321973420,"{""phase"": ""TEST"", ""event"": ""stepPhysics"", ""data"": {""step"": 0.1}}"
debugnyyqC:debugxiWgq,302,1601321973520,"{""phase"": ""TEST"", ""event"": ""stepPhysics"", ""data"": {""step"": 0.1}}"
debugnyyqC:debugxiWgq,303,1601321973619,"{""phase"": ""TEST"", ""event"": ""stepPhysics"", ""data"": {""step"": 0.1}}"
debugnyyqC:debugxiWgq,304,1601321973680,"{""phase"": ""TEST"", ""event"": ""handleAction"", ""data"": {""action"": ""turnLeft""}}"
debugnyyqC:debugxiWgq,305,1601321973718,"{""phase"": ""TEST"", ""event"": ""stepPhysics"", ""data"": {""step"": 0.1}}"
debugnyyqC:debugxiWgq,306,1601321973820,"{""phase"": ""TEST"", ""event"": ""stepPhysics"", ""data"": {""step"": 0.1}}"
debugnyyqC:debugxiWgq,307,1601321973915,"{""phase"": ""TEST"", ""event"": ""stepPhysics"", ""data"": {""step"": 0.1}}"
debugnyyqC:debugxiWgq,308,1601321973921,"{""phase"": ""TEST"", ""event"": ""handleAction"", ""data"": {""action"": ""lookUp""}}"
debugnyyqC:debugxiWgq,309,1601321974017,"{""phase"": ""TEST"", ""event"": ""stepPhysics"", ""data"": {""step"": 0.1}}"
debugnyyqC:debugxiWgq,310,1601321974085,"{""phase"": ""TEST"", ""event"": ""handleAction"", ""data"": {""action"": ""lookUp""}}"
debugnyyqC:debugxiWgq,311,1601321974117,"{""phase"": ""TEST"", ""event"": ""stepPhysics"", ""data"": {""step"": 0.1}}"
debugnyyqC:debugxiWgq,312,1601321974220,"{""phase"": ""TEST"", ""event"": ""stepPhysics"", ""data"": {""step"": 0.1}}"
debugnyyqC:debugxiWgq,313,1601321974290,"{""phase"": ""TEST"", ""event"": ""handleAction"", ""data"": {""action"": ""lookUp""}}"
debugnyyqC:debugxiWgq,314,1601321974317,"{""phase"": ""TEST"", ""event"": ""stepPhysics"", ""data"": {""step"": 0.1}}"
debugnyyqC:debugxiWgq,315,1601321974420,"{""phase"": ""TEST"", ""event"": ""stepPhysics"", ""data"": {""step"": 0.1}}"
debugnyyqC:debugxiWgq,316,1601321974481,"{""phase"": ""TEST"", ""event"": ""handleAction"", ""data"": {""action"": ""lookUp""}}"
debugnyyqC:debugxiWgq,317,1601321974518,"{""phase"": ""TEST"", ""event"": ""stepPhysics"", ""data"": {""step"": 0.1}}"
debugnyyqC:debugxiWgq,318,1601321974616,"{""phase"": ""TEST"", ""event"": ""stepPhysics"", ""data"": {""step"": 0.1}}"
debugnyyqC:debugxiWgq,319,1601321974679,"{""phase"": ""TEST"", ""event"": ""handleAction"", ""data"": {""action"": ""moveForward""}}"
debugnyyqC:debugxiWgq,320,1601321974716,"{""phase"": ""TEST"", ""event"": ""stepPhysics"", ""data"": {""step"": 0.1}}"
debugnyyqC:debugxiWgq,321,1601321974815,"{""phase"": ""TEST"", ""event"": ""stepPhysics"", ""data"": {""step"": 0.1}}"
debugnyyqC:debugxiWgq,322,1601321974890,"{""phase"": ""TEST"", ""event"": ""handleAction"", ""data"": {""action"": ""moveForward""}}"
debugnyyqC:debugxiWgq,323,1601321974915,"{""phase"": ""TEST"", ""event"": ""stepPhysics"", ""data"": {""step"": 0.1}}"
debugnyyqC:debugxiWgq,324,1601321975020,"{""phase"": ""TEST"", ""event"": ""stepPhysics"", ""data"": {""step"": 0.1}}"
debugnyyqC:debugxiWgq,325,1601321975105,"{""phase"": ""TEST"", ""event"": ""handleAction"", ""data"": {""action"": ""moveForward""}}"
debugnyyqC:debugxiWgq,326,1601321975115,"{""phase"": ""TEST"", ""event"": ""stepPhysics"", ""data"": {""step"": 0.1}}"
debugnyyqC:debugxiWgq,327,1601321975220,"{""phase"": ""TEST"", ""event"": ""stepPhysics"", ""data"": {""step"": 0.1}}"
debugnyyqC:debugxiWgq,328,1601321975292,"{""phase"": ""TEST"", ""event"": ""handleAction"", ""data"": {""action"": ""lookDown""}}"
debugnyyqC:debugxiWgq,329,1601321975318,"{""phase"": ""TEST"", ""event"": ""stepPhysics"", ""data"": {""step"": 0.1}}"
debugnyyqC:debugxiWgq,330,1601321975415,"{""phase"": ""TEST"", ""event"": ""stepPhysics"", ""data"": {""step"": 0.1}}"
debugnyyqC:debugxiWgq,331,1601321975518,"{""phase"": ""TEST"", ""event"": ""stepPhysics"", ""data"": {""step"": 0.1}}"
debugnyyqC:debugxiWgq,332,1601321975552,"{""phase"": ""TEST"", ""event"": ""handleAction"", ""data"": {""action"": ""lookDown""}}"
debugnyyqC:debugxiWgq,333,1601321975620,"{""phase"": ""TEST"", ""event"": ""stepPhysics"", ""data"": {""step"": 0.1}}"
debugnyyqC:debugxiWgq,334,1601321975720,"{""phase"": ""TEST"", ""event"": ""stepPhysics"", ""data"": {""step"": 0.1}}"
debugnyyqC:debugxiWgq,335,1601321975820,"{""phase"": ""TEST"", ""event"": ""stepPhysics"", ""data"": {""step"": 0.1}}"
debugnyyqC:debugxiWgq,336,1601321975915,"{""phase"": ""TEST"", ""event"": ""stepPhysics"", ""data"": {""step"": 0.1}}"
debugnyyqC:debugxiWgq,337,1601321976020,"{""phase"": ""TEST"", ""event"": ""stepPhysics"", ""data"": {""step"": 0.1}}"
debugnyyqC:debugxiWgq,338,1601321976082,"{""phase"": ""TEST"", ""event"": ""handleAction"", ""data"": {""action"": ""grabReleaseObject""}}"
debugnyyqC:debugxiWgq,339,1601321976115,"{""phase"": ""TEST"", ""event"": ""stepPhysics"", ""data"": {""step"": 0.1}}"
debugnyyqC:debugxiWgq,340,1601321976220,"{""phase"": ""TEST"", ""event"": ""stepPhysics"", ""data"": {""step"": 0.1}}"
debugnyyqC:debugxiWgq,341,1601321976320,"{""phase"": ""TEST"", ""event"": ""stepPhysics"", ""data"": {""step"": 0.1}}"
debugnyyqC:debugxiWgq,342,1601321976415,"{""phase"": ""TEST"", ""event"": ""stepPhysics"", ""data"": {""step"": 0.1}}"
debugnyyqC:debugxiWgq,343,1601321976520,"{""phase"": ""TEST"", ""event"": ""stepPhysics"", ""data"": {""step"": 0.1}}"
debugnyyqC:debugxiWgq,344,1601321976620,"{""phase"": ""TEST"", ""event"": ""stepPhysics"", ""data"": {""step"": 0.1}}"
debugnyyqC:debugxiWgq,345,1601321976716,"{""phase"": ""TEST"", ""event"": ""stepPhysics"", ""data"": {""step"": 0.1}}"
debugnyyqC:debugxiWgq,346,1601321976819,"{""phase"": ""TEST"", ""event"": ""stepPhysics"", ""data"": {""step"": 0.1}}"
debugnyyqC:debugxiWgq,347,1601321976916,"{""phase"": ""TEST"", ""event"": ""stepPhysics"", ""data"": {""step"": 0.1}}"
debugnyyqC:debugxiWgq,348,1601321977017,"{""phase"": ""TEST"", ""event"": ""stepPhysics"", ""data"": {""step"": 0.1}}"
debugnyyqC:debugxiWgq,349,1601321977120,"{""phase"": ""TEST"", ""event"": ""stepPhysics"", ""data"": {""step"": 0.1}}"
debugnyyqC:debugxiWgq,350,1601321977215,"{""phase"": ""TEST"", ""event"": ""stepPhysics"", ""data"": {""step"": 0.1}}"
debugnyyqC:debugxiWgq,351,1601321977316,"{""phase"": ""TEST"", ""event"": ""stepPhysics"", ""data"": {""step"": 0.1}}"
debugnyyqC:debugxiWgq,352,1601321977417,"{""phase"": ""TEST"", ""event"": ""stepPhysics"", ""data"": {""step"": 0.1}}"
debugnyyqC:debugxiWgq,353,1601321977516,"{""phase"": ""TEST"", ""event"": ""stepPhysics"", ""data"": {""step"": 0.1}}"
debugnyyqC:debugxiWgq,354,1601321977615,"{""phase"": ""TEST"", ""event"": ""stepPhysics"", ""data"": {""step"": 0.1}}"
debugnyyqC:debugxiWgq,355,1601321977718,"{""phase"": ""TEST"", ""event"": ""stepPhysics"", ""data"": {""step"": 0.1}}"
debugnyyqC:debugxiWgq,356,1601321977815,"{""phase"": ""TEST"", ""event"": ""stepPhysics"", ""data"": {""step"": 0.1}}"
debugnyyqC:debugxiWgq,357,1601321977918,"{""phase"": ""TEST"", ""event"": ""stepPhysics"", ""data"": {""step"": 0.1}}"
debugnyyqC:debugxiWgq,358,1601321978015,"{""phase"": ""TEST"", ""event"": ""stepPhysics"", ""data"": {""step"": 0.1}}"
debugnyyqC:debugxiWgq,359,1601321978119,"{""phase"": ""TEST"", ""event"": ""stepPhysics"", ""data"": {""step"": 0.1}}"
debugnyyqC:debugxiWgq,360,1601321978155,"{""type"": ""finishStep"", ""phase"": ""TEST""}"
debugnyyqC:debugxiWgq,361,1601321978157,"{""phase"": ""postquestionnaire"", ""status"": ""begin""}"
debugnyyqC:debugxiWgq,362,1601321978216,"{""phase"": ""TEST"", ""event"": ""stepPhysics"", ""data"": {""step"": 0.1}}"
debugnyyqC:debugxiWgq,363,1601321978320,"{""phase"": ""TEST"", ""event"": ""stepPhysics"", ""data"": {""step"": 0.1}}"
debugnyyqC:debugxiWgq,364,1601321978420,"{""phase"": ""TEST"", ""event"": ""stepPhysics"", ""data"": {""step"": 0.1}}"
debugnyyqC:debugxiWgq,365,1601321978520,"{""phase"": ""TEST"", ""event"": ""stepPhysics"", ""data"": {""step"": 0.1}}"
debugnyyqC:debugxiWgq,366,1601321978618,"{""phase"": ""TEST"", ""event"": ""stepPhysics"", ""data"": {""step"": 0.1}}"
debugnyyqC:debugxiWgq,367,1601321978715,"{""phase"": ""TEST"", ""event"": ""stepPhysics"", ""data"": {""step"": 0.1}}"
debugnyyqC:debugxiWgq,368,1601321978818,"{""phase"": ""TEST"", ""event"": ""stepPhysics"", ""data"": {""step"": 0.1}}"
debugnyyqC:debugxiWgq,369,1601321978918,"{""phase"": ""TEST"", ""event"": ""stepPhysics"", ""data"": {""step"": 0.1}}"
debugnyyqC:debugxiWgq,370,1601321979015,"{""phase"": ""TEST"", ""event"": ""stepPhysics"", ""data"": {""step"": 0.1}}"
debugnyyqC:debugxiWgq,371,1601321979116,"{""phase"": ""TEST"", ""event"": ""stepPhysics"", ""data"": {""step"": 0.1}}"
debugnyyqC:debugxiWgq,372,1601321979217,"{""phase"": ""TEST"", ""event"": ""stepPhysics"", ""data"": {""step"": 0.1}}"
debugnyyqC:debugxiWgq,373,1601321979317,"{""phase"": ""TEST"", ""event"": ""stepPhysics"", ""data"": {""step"": 0.1}}"
debugnyyqC:debugxiWgq,374,1601321979415,"{""phase"": ""TEST"", ""event"": ""stepPhysics"", ""data"": {""step"": 0.1}}"
debugnyyqC:debugxiWgq,375,1601321979515,"{""phase"": ""TEST"", ""event"": ""stepPhysics"", ""data"": {""step"": 0.1}}"
debugnyyqC:debugxiWgq,376,1601321979585,"{""phase"": ""postquestionnaire"", ""status"": ""submit""}"
