debug6KSASD:debug8T9ZE1,0,1597082128720,"{""type"": ""platformInfo"", ""navigator"": {}}"
debug6KSASD:debug8T9ZE1,1,1597082128815,"{""type"": ""loadViewer"", ""phase"": ""TEST""}"
debug6KSASD:debug8T9ZE1,2,1597082128816,"{""type"": ""DoStep"", ""phase"": ""TEST"", ""iStep"": 0, ""step"": ""instructions/instruct-1.html""}"
debug6KSASD:debug8T9ZE1,3,1597082135509,"{""phase"": ""TEST"", ""event"": ""setEpisode"", ""data"": {""episode"": {}}}"
debug6KSASD:debug8T9ZE1,4,1597082136269,"{""phase"": ""TEST"", ""event"": ""simInitialized"", ""data"": {""config"": {""scene"": ""skokloster-castle.glb"", ""hitId"": ""debug5FAJ6X"", ""assignmentId"": ""debug8T9ZE1"", ""workerId"": ""debug6KSASD"", ""mode"": ""debug"", ""enablePhysics"": ""true"", ""defaultPhysConfig"": ""default.phys_scene_config.json""}}}"
debug6KSASD:debug8T9ZE1,5,1597082136969,"{""phase"": ""TEST"", ""event"": ""simReset"", ""data"": {}}"
debug6KSASD:debug8T9ZE1,6,1597082136969,"{""phase"": ""TEST"", ""event"": ""setStatus"", ""data"": {""text"": ""Ready""}}"
debug6KSASD:debug8T9ZE1,7,1597082136969,"{""phase"": ""TEST"", ""event"": ""renderStart"", ""data"": {}}"
debug6KSASD:debug8T9ZE1,8,1597082137574,"{""phase"": ""TEST"", ""event"": ""renderEnd"", ""data"": {}}"
debug6KSASD:debug8T9ZE1,9,1597082142119,"{""type"": ""finishStep"", ""phase"": ""TEST""}"
debug6KSASD:debug8T9ZE1,10,1597082142796,"{""phase"": ""TEST"", ""event"": ""simReset"", ""data"": {}}"
debug6KSASD:debug8T9ZE1,11,1597082142796,"{""phase"": ""TEST"", ""event"": ""setStatus"", ""data"": {""text"": ""Ready""}}"
debug6KSASD:debug8T9ZE1,12,1597082142797,"{""phase"": ""TEST"", ""event"": ""renderStart"", ""data"": {}}"
debug6KSASD:debug8T9ZE1,13,1597082142797,"{""phase"": ""TEST"", ""event"": ""renderEnd"", ""data"": {}}"
debug6KSASD:debug8T9ZE1,14,1597082142798,"{""type"": ""DoStep"", ""phase"": ""TEST"", ""iStep"": 1, ""step"": ""viewer""}"
debug6KSASD:debug8T9ZE1,15,1597082145625,"{""phase"": ""TEST"", ""event"": ""handleAction"", ""data"": {""action"": ""moveForward""}}"
debug6KSASD:debug8T9ZE1,16,1597082145625,"{""phase"": ""TEST"", ""event"": ""setStatus"", ""data"": {""text"": ""moveForward""}}"
debug6KSASD:debug8T9ZE1,17,1597082145625,"{""phase"": ""TEST"", ""event"": ""renderStart"", ""data"": {}}"
debug6KSASD:debug8T9ZE1,18,1597082145626,"{""phase"": ""TEST"", ""event"": ""renderEnd"", ""data"": {}}"
debug6KSASD:debug8T9ZE1,19,1597082145626,"{""phase"": ""TEST"", ""event"": ""handleAction"", ""data"": {""action"": ""moveForward""}}"
debug6KSASD:debug8T9ZE1,20,1597082145626,"{""phase"": ""TEST"", ""event"": ""setStatus"", ""data"": {""text"": ""moveForward""}}"
debug6KSASD:debug8T9ZE1,21,1597082145626,"{""phase"": ""TEST"", ""event"": ""renderStart"", ""data"": {}}"
debug6KSASD:debug8T9ZE1,22,1597082145627,"{""phase"": ""TEST"", ""event"": ""renderEnd"", ""data"": {}}"
debug6KSASD:debug8T9ZE1,23,1597082146005,"{""phase"": ""TEST"", ""event"": ""handleAction"", ""data"": {""action"": ""turnLeft""}}"
debug6KSASD:debug8T9ZE1,24,1597082146006,"{""phase"": ""TEST"", ""event"": ""setStatus"", ""data"": {""text"": ""turnLeft""}}"
debug6KSASD:debug8T9ZE1,25,1597082146006,"{""phase"": ""TEST"", ""event"": ""renderStart"", ""data"": {}}"
debug6KSASD:debug8T9ZE1,26,1597082146006,"{""phase"": ""TEST"", ""event"": ""renderEnd"", ""data"": {}}"
debug6KSASD:debug8T9ZE1,27,1597082146006,"{""phase"": ""TEST"", ""event"": ""handleAction"", ""data"": {""action"": ""turnLeft""}}"
debug6KSASD:debug8T9ZE1,28,1597082146006,"{""phase"": ""TEST"", ""event"": ""setStatus"", ""data"": {""text"": ""turnLeft""}}"
debug6KSASD:debug8T9ZE1,29,1597082146006,"{""phase"": ""TEST"", ""event"": ""renderStart"", ""data"": {}}"
debug6KSASD:debug8T9ZE1,30,1597082146007,"{""phase"": ""TEST"", ""event"": ""renderEnd"", ""data"": {}}"
debug6KSASD:debug8T9ZE1,31,1597082146590,"{""phase"": ""TEST"", ""event"": ""handleAction"", ""data"": {""action"": ""turnLeft""}}"
debug6KSASD:debug8T9ZE1,32,1597082146590,"{""phase"": ""TEST"", ""event"": ""setStatus"", ""data"": {""text"": ""turnLeft""}}"
debug6KSASD:debug8T9ZE1,33,1597082146590,"{""phase"": ""TEST"", ""event"": ""renderStart"", ""data"": {}}"
debug6KSASD:debug8T9ZE1,34,1597082146591,"{""phase"": ""TEST"", ""event"": ""renderEnd"", ""data"": {}}"
debug6KSASD:debug8T9ZE1,35,1597082146591,"{""phase"": ""TEST"", ""event"": ""handleAction"", ""data"": {""action"": ""turnLeft""}}"
debug6KSASD:debug8T9ZE1,36,1597082146591,"{""phase"": ""TEST"", ""event"": ""setStatus"", ""data"": {""text"": ""turnLeft""}}"
debug6KSASD:debug8T9ZE1,37,1597082146591,"{""phase"": ""TEST"", ""event"": ""renderStart"", ""data"": {}}"
debug6KSASD:debug8T9ZE1,38,1597082146592,"{""phase"": ""TEST"", ""event"": ""renderEnd"", ""data"": {}}"
debug6KSASD:debug8T9ZE1,39,1597082147107,"{""phase"": ""TEST"", ""event"": ""handleAction"", ""data"": {""action"": ""turnLeft""}}"
debug6KSASD:debug8T9ZE1,40,1597082147107,"{""phase"": ""TEST"", ""event"": ""setStatus"", ""data"": {""text"": ""turnLeft""}}"
debug6KSASD:debug8T9ZE1,41,1597082147107,"{""phase"": ""TEST"", ""event"": ""renderStart"", ""data"": {}}"
debug6KSASD:debug8T9ZE1,42,1597082147108,"{""phase"": ""TEST"", ""event"": ""renderEnd"", ""data"": {}}"
debug6KSASD:debug8T9ZE1,43,1597082147108,"{""phase"": ""TEST"", ""event"": ""handleAction"", ""data"": {""action"": ""turnLeft""}}"
debug6KSASD:debug8T9ZE1,44,1597082147108,"{""phase"": ""TEST"", ""event"": ""setStatus"", ""data"": {""text"": ""turnLeft""}}"
debug6KSASD:debug8T9ZE1,45,1597082147108,"{""phase"": ""TEST"", ""event"": ""renderStart"", ""data"": {}}"
debug6KSASD:debug8T9ZE1,46,1597082147108,"{""phase"": ""TEST"", ""event"": ""renderEnd"", ""data"": {}}"
debug6KSASD:debug8T9ZE1,47,1597082147657,"{""phase"": ""TEST"", ""event"": ""handleAction"", ""data"": {""action"": ""turnLeft""}}"
debug6KSASD:debug8T9ZE1,48,1597082147657,"{""phase"": ""TEST"", ""event"": ""setStatus"", ""data"": {""text"": ""turnLeft""}}"
debug6KSASD:debug8T9ZE1,49,1597082147657,"{""phase"": ""TEST"", ""event"": ""renderStart"", ""data"": {}}"
debug6KSASD:debug8T9ZE1,50,1597082147658,"{""phase"": ""TEST"", ""event"": ""renderEnd"", ""data"": {}}"
debug6KSASD:debug8T9ZE1,51,1597082147658,"{""phase"": ""TEST"", ""event"": ""handleAction"", ""data"": {""action"": ""turnLeft""}}"
debug6KSASD:debug8T9ZE1,52,1597082147658,"{""phase"": ""TEST"", ""event"": ""setStatus"", ""data"": {""text"": ""turnLeft""}}"
debug6KSASD:debug8T9ZE1,53,1597082147658,"{""phase"": ""TEST"", ""event"": ""renderStart"", ""data"": {}}"
debug6KSASD:debug8T9ZE1,54,1597082147658,"{""phase"": ""TEST"", ""event"": ""renderEnd"", ""data"": {}}"
debug6KSASD:debug8T9ZE1,55,1597082148182,"{""phase"": ""TEST"", ""event"": ""handleAction"", ""data"": {""action"": ""moveForward""}}"
debug6KSASD:debug8T9ZE1,56,1597082148182,"{""phase"": ""TEST"", ""event"": ""setStatus"", ""data"": {""text"": ""moveForward""}}"
debug6KSASD:debug8T9ZE1,57,1597082148182,"{""phase"": ""TEST"", ""event"": ""renderStart"", ""data"": {}}"
debug6KSASD:debug8T9ZE1,58,1597082148183,"{""phase"": ""TEST"", ""event"": ""renderEnd"", ""data"": {}}"
debug6KSASD:debug8T9ZE1,59,1597082148183,"{""phase"": ""TEST"", ""event"": ""handleAction"", ""data"": {""action"": ""moveForward""}}"
debug6KSASD:debug8T9ZE1,60,1597082148183,"{""phase"": ""TEST"", ""event"": ""setStatus"", ""data"": {""text"": ""moveForward""}}"
debug6KSASD:debug8T9ZE1,61,1597082148183,"{""phase"": ""TEST"", ""event"": ""renderStart"", ""data"": {}}"
debug6KSASD:debug8T9ZE1,62,1597082148183,"{""phase"": ""TEST"", ""event"": ""renderEnd"", ""data"": {}}"
debug6KSASD:debug8T9ZE1,63,1597082148751,"{""phase"": ""TEST"", ""event"": ""handleAction"", ""data"": {""action"": ""moveForward""}}"
debug6KSASD:debug8T9ZE1,64,1597082148751,"{""phase"": ""TEST"", ""event"": ""setStatus"", ""data"": {""text"": ""moveForward""}}"
debug6KSASD:debug8T9ZE1,65,1597082148751,"{""phase"": ""TEST"", ""event"": ""renderStart"", ""data"": {}}"
debug6KSASD:debug8T9ZE1,66,1597082148752,"{""phase"": ""TEST"", ""event"": ""renderEnd"", ""data"": {}}"
debug6KSASD:debug8T9ZE1,67,1597082148752,"{""phase"": ""TEST"", ""event"": ""handleAction"", ""data"": {""action"": ""moveForward""}}"
debug6KSASD:debug8T9ZE1,68,1597082148752,"{""phase"": ""TEST"", ""event"": ""setStatus"", ""data"": {""text"": ""moveForward""}}"
debug6KSASD:debug8T9ZE1,69,1597082148752,"{""phase"": ""TEST"", ""event"": ""renderStart"", ""data"": {}}"
debug6KSASD:debug8T9ZE1,70,1597082148753,"{""phase"": ""TEST"", ""event"": ""renderEnd"", ""data"": {}}"
debug6KSASD:debug8T9ZE1,71,1597082149102,"{""phase"": ""TEST"", ""event"": ""handleAction"", ""data"": {""action"": ""turnRight""}}"
debug6KSASD:debug8T9ZE1,72,1597082149102,"{""phase"": ""TEST"", ""event"": ""setStatus"", ""data"": {""text"": ""turnRight""}}"
debug6KSASD:debug8T9ZE1,73,1597082149103,"{""phase"": ""TEST"", ""event"": ""renderStart"", ""data"": {}}"
debug6KSASD:debug8T9ZE1,74,1597082149103,"{""phase"": ""TEST"", ""event"": ""renderEnd"", ""data"": {}}"
debug6KSASD:debug8T9ZE1,75,1597082149104,"{""phase"": ""TEST"", ""event"": ""handleAction"", ""data"": {""action"": ""turnRight""}}"
debug6KSASD:debug8T9ZE1,76,1597082149104,"{""phase"": ""TEST"", ""event"": ""setStatus"", ""data"": {""text"": ""turnRight""}}"
debug6KSASD:debug8T9ZE1,77,1597082149104,"{""phase"": ""TEST"", ""event"": ""renderStart"", ""data"": {}}"
debug6KSASD:debug8T9ZE1,78,1597082149104,"{""phase"": ""TEST"", ""event"": ""renderEnd"", ""data"": {}}"
debug6KSASD:debug8T9ZE1,79,1597082149484,"{""phase"": ""TEST"", ""event"": ""handleAction"", ""data"": {""action"": ""moveForward""}}"
debug6KSASD:debug8T9ZE1,80,1597082149484,"{""phase"": ""TEST"", ""event"": ""setStatus"", ""data"": {""text"": ""moveForward""}}"
debug6KSASD:debug8T9ZE1,81,1597082149484,"{""phase"": ""TEST"", ""event"": ""renderStart"", ""data"": {}}"
debug6KSASD:debug8T9ZE1,82,1597082149484,"{""phase"": ""TEST"", ""event"": ""renderEnd"", ""data"": {}}"
debug6KSASD:debug8T9ZE1,83,1597082149485,"{""phase"": ""TEST"", ""event"": ""handleAction"", ""data"": {""action"": ""moveForward""}}"
debug6KSASD:debug8T9ZE1,84,1597082149485,"{""phase"": ""TEST"", ""event"": ""setStatus"", ""data"": {""text"": ""moveForward""}}"
debug6KSASD:debug8T9ZE1,85,1597082149485,"{""phase"": ""TEST"", ""event"": ""renderStart"", ""data"": {}}"
debug6KSASD:debug8T9ZE1,86,1597082149485,"{""phase"": ""TEST"", ""event"": ""renderEnd"", ""data"": {}}"
debug6KSASD:debug8T9ZE1,87,1597082149744,"{""phase"": ""TEST"", ""event"": ""handleAction"", ""data"": {""action"": ""turnLeft""}}"
debug6KSASD:debug8T9ZE1,88,1597082149745,"{""phase"": ""TEST"", ""event"": ""setStatus"", ""data"": {""text"": ""turnLeft""}}"
debug6KSASD:debug8T9ZE1,89,1597082149745,"{""phase"": ""TEST"", ""event"": ""renderStart"", ""data"": {}}"
debug6KSASD:debug8T9ZE1,90,1597082149745,"{""phase"": ""TEST"", ""event"": ""renderEnd"", ""data"": {}}"
debug6KSASD:debug8T9ZE1,91,1597082149745,"{""phase"": ""TEST"", ""event"": ""handleAction"", ""data"": {""action"": ""turnLeft""}}"
debug6KSASD:debug8T9ZE1,92,1597082149746,"{""phase"": ""TEST"", ""event"": ""setStatus"", ""data"": {""text"": ""turnLeft""}}"
debug6KSASD:debug8T9ZE1,93,1597082149746,"{""phase"": ""TEST"", ""event"": ""renderStart"", ""data"": {}}"
debug6KSASD:debug8T9ZE1,94,1597082149746,"{""phase"": ""TEST"", ""event"": ""renderEnd"", ""data"": {}}"
debug6KSASD:debug8T9ZE1,95,1597082149996,"{""phase"": ""TEST"", ""event"": ""handleAction"", ""data"": {""action"": ""lookDown""}}"
debug6KSASD:debug8T9ZE1,96,1597082149996,"{""phase"": ""TEST"", ""event"": ""setStatus"", ""data"": {""text"": ""lookDown""}}"
debug6KSASD:debug8T9ZE1,97,1597082149996,"{""phase"": ""TEST"", ""event"": ""renderStart"", ""data"": {}}"
debug6KSASD:debug8T9ZE1,98,1597082149996,"{""phase"": ""TEST"", ""event"": ""renderEnd"", ""data"": {}}"
debug6KSASD:debug8T9ZE1,99,1597082149996,"{""phase"": ""TEST"", ""event"": ""handleAction"", ""data"": {""action"": ""lookDown""}}"
debug6KSASD:debug8T9ZE1,100,1597082149997,"{""phase"": ""TEST"", ""event"": ""setStatus"", ""data"": {""text"": ""lookDown""}}"
debug6KSASD:debug8T9ZE1,101,1597082149997,"{""phase"": ""TEST"", ""event"": ""renderStart"", ""data"": {}}"
debug6KSASD:debug8T9ZE1,102,1597082149997,"{""phase"": ""TEST"", ""event"": ""renderEnd"", ""data"": {}}"
debug6KSASD:debug8T9ZE1,103,1597082150239,"{""phase"": ""TEST"", ""event"": ""handleAction"", ""data"": {""action"": ""moveForward""}}"
debug6KSASD:debug8T9ZE1,104,1597082150240,"{""phase"": ""TEST"", ""event"": ""setStatus"", ""data"": {""text"": ""moveForward""}}"
debug6KSASD:debug8T9ZE1,105,1597082150240,"{""phase"": ""TEST"", ""event"": ""renderStart"", ""data"": {}}"
debug6KSASD:debug8T9ZE1,106,1597082150240,"{""phase"": ""TEST"", ""event"": ""renderEnd"", ""data"": {}}"
debug6KSASD:debug8T9ZE1,107,1597082150241,"{""phase"": ""TEST"", ""event"": ""handleAction"", ""data"": {""action"": ""moveForward""}}"
debug6KSASD:debug8T9ZE1,108,1597082150241,"{""phase"": ""TEST"", ""event"": ""setStatus"", ""data"": {""text"": ""moveForward""}}"
debug6KSASD:debug8T9ZE1,109,1597082150241,"{""phase"": ""TEST"", ""event"": ""renderStart"", ""data"": {}}"
debug6KSASD:debug8T9ZE1,110,1597082150241,"{""phase"": ""TEST"", ""event"": ""renderEnd"", ""data"": {}}"
debug6KSASD:debug8T9ZE1,111,1597082150605,"{""phase"": ""TEST"", ""event"": ""handleAction"", ""data"": {""action"": ""moveForward""}}"
debug6KSASD:debug8T9ZE1,112,1597082150605,"{""phase"": ""TEST"", ""event"": ""setStatus"", ""data"": {""text"": ""moveForward""}}"
debug6KSASD:debug8T9ZE1,113,1597082150605,"{""phase"": ""TEST"", ""event"": ""renderStart"", ""data"": {}}"
debug6KSASD:debug8T9ZE1,114,1597082150606,"{""phase"": ""TEST"", ""event"": ""renderEnd"", ""data"": {}}"
debug6KSASD:debug8T9ZE1,115,1597082150606,"{""phase"": ""TEST"", ""event"": ""handleAction"", ""data"": {""action"": ""moveForward""}}"
debug6KSASD:debug8T9ZE1,116,1597082150606,"{""phase"": ""TEST"", ""event"": ""setStatus"", ""data"": {""text"": ""moveForward""}}"
debug6KSASD:debug8T9ZE1,117,1597082150606,"{""phase"": ""TEST"", ""event"": ""renderStart"", ""data"": {}}"
debug6KSASD:debug8T9ZE1,118,1597082150607,"{""phase"": ""TEST"", ""event"": ""renderEnd"", ""data"": {}}"
debug6KSASD:debug8T9ZE1,119,1597082150795,"{""phase"": ""TEST"", ""event"": ""handleAction"", ""data"": {""action"": ""lookDown""}}"
debug6KSASD:debug8T9ZE1,120,1597082150795,"{""phase"": ""TEST"", ""event"": ""setStatus"", ""data"": {""text"": ""lookDown""}}"
debug6KSASD:debug8T9ZE1,121,1597082150795,"{""phase"": ""TEST"", ""event"": ""renderStart"", ""data"": {}}"
debug6KSASD:debug8T9ZE1,122,1597082150796,"{""phase"": ""TEST"", ""event"": ""renderEnd"", ""data"": {}}"
debug6KSASD:debug8T9ZE1,123,1597082150796,"{""phase"": ""TEST"", ""event"": ""handleAction"", ""data"": {""action"": ""lookDown""}}"
debug6KSASD:debug8T9ZE1,124,1597082150796,"{""phase"": ""TEST"", ""event"": ""setStatus"", ""data"": {""text"": ""lookDown""}}"
debug6KSASD:debug8T9ZE1,125,1597082150796,"{""phase"": ""TEST"", ""event"": ""renderStart"", ""data"": {}}"
debug6KSASD:debug8T9ZE1,126,1597082150796,"{""phase"": ""TEST"", ""event"": ""renderEnd"", ""data"": {}}"
debug6KSASD:debug8T9ZE1,127,1597082151290,"{""phase"": ""TEST"", ""event"": ""handleAction"", ""data"": {""action"": ""turnRight""}}"
debug6KSASD:debug8T9ZE1,128,1597082151290,"{""phase"": ""TEST"", ""event"": ""setStatus"", ""data"": {""text"": ""turnRight""}}"
debug6KSASD:debug8T9ZE1,129,1597082151290,"{""phase"": ""TEST"", ""event"": ""renderStart"", ""data"": {}}"
debug6KSASD:debug8T9ZE1,130,1597082151291,"{""phase"": ""TEST"", ""event"": ""renderEnd"", ""data"": {}}"
debug6KSASD:debug8T9ZE1,131,1597082151291,"{""phase"": ""TEST"", ""event"": ""handleAction"", ""data"": {""action"": ""turnRight""}}"
debug6KSASD:debug8T9ZE1,132,1597082151291,"{""phase"": ""TEST"", ""event"": ""setStatus"", ""data"": {""text"": ""turnRight""}}"
debug6KSASD:debug8T9ZE1,133,1597082151291,"{""phase"": ""TEST"", ""event"": ""renderStart"", ""data"": {}}"
debug6KSASD:debug8T9ZE1,134,1597082151292,"{""phase"": ""TEST"", ""event"": ""renderEnd"", ""data"": {}}"
debug6KSASD:debug8T9ZE1,135,1597082151652,"{""phase"": ""TEST"", ""event"": ""handleAction"", ""data"": {""action"": ""moveForward""}}"
debug6KSASD:debug8T9ZE1,136,1597082151652,"{""phase"": ""TEST"", ""event"": ""setStatus"", ""data"": {""text"": ""moveForward""}}"
debug6KSASD:debug8T9ZE1,137,1597082151652,"{""phase"": ""TEST"", ""event"": ""renderStart"", ""data"": {}}"
debug6KSASD:debug8T9ZE1,138,1597082151653,"{""phase"": ""TEST"", ""event"": ""renderEnd"", ""data"": {}}"
debug6KSASD:debug8T9ZE1,139,1597082151653,"{""phase"": ""TEST"", ""event"": ""handleAction"", ""data"": {""action"": ""moveForward""}}"
debug6KSASD:debug8T9ZE1,140,1597082151653,"{""phase"": ""TEST"", ""event"": ""setStatus"", ""data"": {""text"": ""moveForward""}}"
debug6KSASD:debug8T9ZE1,141,1597082151653,"{""phase"": ""TEST"", ""event"": ""renderStart"", ""data"": {}}"
debug6KSASD:debug8T9ZE1,142,1597082151653,"{""phase"": ""TEST"", ""event"": ""renderEnd"", ""data"": {}}"
debug6KSASD:debug8T9ZE1,143,1597082152026,"{""phase"": ""TEST"", ""event"": ""handleAction"", ""data"": {""action"": ""turnLeft""}}"
debug6KSASD:debug8T9ZE1,144,1597082152027,"{""phase"": ""TEST"", ""event"": ""setStatus"", ""data"": {""text"": ""turnLeft""}}"
debug6KSASD:debug8T9ZE1,145,1597082152027,"{""phase"": ""TEST"", ""event"": ""renderStart"", ""data"": {}}"
debug6KSASD:debug8T9ZE1,146,1597082152028,"{""phase"": ""TEST"", ""event"": ""renderEnd"", ""data"": {}}"
debug6KSASD:debug8T9ZE1,147,1597082152028,"{""phase"": ""TEST"", ""event"": ""handleAction"", ""data"": {""action"": ""turnLeft""}}"
debug6KSASD:debug8T9ZE1,148,1597082152028,"{""phase"": ""TEST"", ""event"": ""setStatus"", ""data"": {""text"": ""turnLeft""}}"
debug6KSASD:debug8T9ZE1,149,1597082152028,"{""phase"": ""TEST"", ""event"": ""renderStart"", ""data"": {}}"
debug6KSASD:debug8T9ZE1,150,1597082152028,"{""phase"": ""TEST"", ""event"": ""renderEnd"", ""data"": {}}"
debug6KSASD:debug8T9ZE1,151,1597082152552,"{""phase"": ""TEST"", ""event"": ""handleAction"", ""data"": {""action"": ""moveForward""}}"
debug6KSASD:debug8T9ZE1,152,1597082152552,"{""phase"": ""TEST"", ""event"": ""setStatus"", ""data"": {""text"": ""moveForward""}}"
debug6KSASD:debug8T9ZE1,153,1597082152552,"{""phase"": ""TEST"", ""event"": ""renderStart"", ""data"": {}}"
debug6KSASD:debug8T9ZE1,154,1597082152552,"{""phase"": ""TEST"", ""event"": ""renderEnd"", ""data"": {}}"
debug6KSASD:debug8T9ZE1,155,1597082152552,"{""phase"": ""TEST"", ""event"": ""handleAction"", ""data"": {""action"": ""moveForward""}}"
debug6KSASD:debug8T9ZE1,156,1597082152553,"{""phase"": ""TEST"", ""event"": ""setStatus"", ""data"": {""text"": ""moveForward""}}"
debug6KSASD:debug8T9ZE1,157,1597082152553,"{""phase"": ""TEST"", ""event"": ""renderStart"", ""data"": {}}"
debug6KSASD:debug8T9ZE1,158,1597082152553,"{""phase"": ""TEST"", ""event"": ""renderEnd"", ""data"": {}}"
debug6KSASD:debug8T9ZE1,159,1597082152824,"{""phase"": ""TEST"", ""event"": ""handleAction"", ""data"": {""action"": ""moveForward""}}"
debug6KSASD:debug8T9ZE1,160,1597082152824,"{""phase"": ""TEST"", ""event"": ""setStatus"", ""data"": {""text"": ""moveForward""}}"
debug6KSASD:debug8T9ZE1,161,1597082152824,"{""phase"": ""TEST"", ""event"": ""renderStart"", ""data"": {}}"
debug6KSASD:debug8T9ZE1,162,1597082152825,"{""phase"": ""TEST"", ""event"": ""renderEnd"", ""data"": {}}"
debug6KSASD:debug8T9ZE1,163,1597082152825,"{""phase"": ""TEST"", ""event"": ""handleAction"", ""data"": {""action"": ""moveForward""}}"
debug6KSASD:debug8T9ZE1,164,1597082152825,"{""phase"": ""TEST"", ""event"": ""setStatus"", ""data"": {""text"": ""moveForward""}}"
debug6KSASD:debug8T9ZE1,165,1597082152825,"{""phase"": ""TEST"", ""event"": ""renderStart"", ""data"": {}}"
debug6KSASD:debug8T9ZE1,166,1597082152826,"{""phase"": ""TEST"", ""event"": ""renderEnd"", ""data"": {}}"
debug6KSASD:debug8T9ZE1,167,1597082153141,"{""phase"": ""TEST"", ""event"": ""handleAction"", ""data"": {""action"": ""lookDown""}}"
debug6KSASD:debug8T9ZE1,168,1597082153141,"{""phase"": ""TEST"", ""event"": ""setStatus"", ""data"": {""text"": ""lookDown""}}"
debug6KSASD:debug8T9ZE1,169,1597082153141,"{""phase"": ""TEST"", ""event"": ""renderStart"", ""data"": {}}"
debug6KSASD:debug8T9ZE1,170,1597082153142,"{""phase"": ""TEST"", ""event"": ""renderEnd"", ""data"": {}}"
debug6KSASD:debug8T9ZE1,171,1597082153142,"{""phase"": ""TEST"", ""event"": ""handleAction"", ""data"": {""action"": ""lookDown""}}"
debug6KSASD:debug8T9ZE1,172,1597082153142,"{""phase"": ""TEST"", ""event"": ""setStatus"", ""data"": {""text"": ""lookDown""}}"
debug6KSASD:debug8T9ZE1,173,1597082153142,"{""phase"": ""TEST"", ""event"": ""renderStart"", ""data"": {}}"
debug6KSASD:debug8T9ZE1,174,1597082153143,"{""phase"": ""TEST"", ""event"": ""renderEnd"", ""data"": {}}"
debug6KSASD:debug8T9ZE1,175,1597082154430,"{""phase"": ""TEST"", ""event"": ""handleAction"", ""data"": {""action"": ""moveForward""}}"
debug6KSASD:debug8T9ZE1,176,1597082154430,"{""phase"": ""TEST"", ""event"": ""setStatus"", ""data"": {""text"": ""moveForward""}}"
debug6KSASD:debug8T9ZE1,177,1597082154430,"{""phase"": ""TEST"", ""event"": ""renderStart"", ""data"": {}}"
debug6KSASD:debug8T9ZE1,178,1597082154430,"{""phase"": ""TEST"", ""event"": ""renderEnd"", ""data"": {}}"
debug6KSASD:debug8T9ZE1,179,1597082154430,"{""phase"": ""TEST"", ""event"": ""handleAction"", ""data"": {""action"": ""moveForward""}}"
debug6KSASD:debug8T9ZE1,180,1597082154431,"{""phase"": ""TEST"", ""event"": ""setStatus"", ""data"": {""text"": ""moveForward""}}"
debug6KSASD:debug8T9ZE1,181,1597082154431,"{""phase"": ""TEST"", ""event"": ""renderStart"", ""data"": {}}"
debug6KSASD:debug8T9ZE1,182,1597082154431,"{""phase"": ""TEST"", ""event"": ""renderEnd"", ""data"": {}}"
debug6KSASD:debug8T9ZE1,183,1597082154829,"{""phase"": ""TEST"", ""event"": ""handleAction"", ""data"": {""action"": ""lookDown""}}"
debug6KSASD:debug8T9ZE1,184,1597082154829,"{""phase"": ""TEST"", ""event"": ""setStatus"", ""data"": {""text"": ""lookDown""}}"
debug6KSASD:debug8T9ZE1,185,1597082154829,"{""phase"": ""TEST"", ""event"": ""renderStart"", ""data"": {}}"
debug6KSASD:debug8T9ZE1,186,1597082154830,"{""phase"": ""TEST"", ""event"": ""renderEnd"", ""data"": {}}"
debug6KSASD:debug8T9ZE1,187,1597082154830,"{""phase"": ""TEST"", ""event"": ""handleAction"", ""data"": {""action"": ""lookDown""}}"
debug6KSASD:debug8T9ZE1,188,1597082154830,"{""phase"": ""TEST"", ""event"": ""setStatus"", ""data"": {""text"": ""lookDown""}}"
debug6KSASD:debug8T9ZE1,189,1597082154830,"{""phase"": ""TEST"", ""event"": ""renderStart"", ""data"": {}}"
debug6KSASD:debug8T9ZE1,190,1597082154830,"{""phase"": ""TEST"", ""event"": ""renderEnd"", ""data"": {}}"
debug6KSASD:debug8T9ZE1,191,1597082155844,"{""phase"": ""TEST"", ""event"": ""handleAction"", ""data"": {""action"": ""moveForward""}}"
debug6KSASD:debug8T9ZE1,192,1597082155844,"{""phase"": ""TEST"", ""event"": ""setStatus"", ""data"": {""text"": ""moveForward""}}"
debug6KSASD:debug8T9ZE1,193,1597082155844,"{""phase"": ""TEST"", ""event"": ""renderStart"", ""data"": {}}"
debug6KSASD:debug8T9ZE1,194,1597082155845,"{""phase"": ""TEST"", ""event"": ""renderEnd"", ""data"": {}}"
debug6KSASD:debug8T9ZE1,195,1597082155845,"{""phase"": ""TEST"", ""event"": ""handleAction"", ""data"": {""action"": ""moveForward""}}"
debug6KSASD:debug8T9ZE1,196,1597082155845,"{""phase"": ""TEST"", ""event"": ""setStatus"", ""data"": {""text"": ""moveForward""}}"
debug6KSASD:debug8T9ZE1,197,1597082155845,"{""phase"": ""TEST"", ""event"": ""renderStart"", ""data"": {}}"
debug6KSASD:debug8T9ZE1,198,1597082155846,"{""phase"": ""TEST"", ""event"": ""renderEnd"", ""data"": {}}"
debug6KSASD:debug8T9ZE1,199,1597082156450,"{""phase"": ""TEST"", ""event"": ""handleAction"", ""data"": {""action"": ""lookDown""}}"
debug6KSASD:debug8T9ZE1,200,1597082156450,"{""phase"": ""TEST"", ""event"": ""setStatus"", ""data"": {""text"": ""lookDown""}}"
debug6KSASD:debug8T9ZE1,201,1597082156450,"{""phase"": ""TEST"", ""event"": ""renderStart"", ""data"": {}}"
debug6KSASD:debug8T9ZE1,202,1597082156861,"{""phase"": ""TEST"", ""event"": ""renderEnd"", ""data"": {}}"
debug6KSASD:debug8T9ZE1,203,1597082156861,"{""phase"": ""TEST"", ""event"": ""handleAction"", ""data"": {""action"": ""lookDown""}}"
debug6KSASD:debug8T9ZE1,204,1597082156862,"{""phase"": ""TEST"", ""event"": ""setStatus"", ""data"": {""text"": ""lookDown""}}"
debug6KSASD:debug8T9ZE1,205,1597082156862,"{""phase"": ""TEST"", ""event"": ""renderStart"", ""data"": {}}"
debug6KSASD:debug8T9ZE1,206,1597082156862,"{""phase"": ""TEST"", ""event"": ""renderEnd"", ""data"": {}}"
debug6KSASD:debug8T9ZE1,207,1597082156863,"{""phase"": ""TEST"", ""event"": ""handleAction"", ""data"": {""action"": ""moveForward""}}"
debug6KSASD:debug8T9ZE1,208,1597082156863,"{""phase"": ""TEST"", ""event"": ""setStatus"", ""data"": {""text"": ""moveForward""}}"
debug6KSASD:debug8T9ZE1,209,1597082156863,"{""phase"": ""TEST"", ""event"": ""renderStart"", ""data"": {}}"
debug6KSASD:debug8T9ZE1,210,1597082156863,"{""phase"": ""TEST"", ""event"": ""renderEnd"", ""data"": {}}"
debug6KSASD:debug8T9ZE1,211,1597082156863,"{""phase"": ""TEST"", ""event"": ""handleAction"", ""data"": {""action"": ""moveForward""}}"
debug6KSASD:debug8T9ZE1,212,1597082156863,"{""phase"": ""TEST"", ""event"": ""setStatus"", ""data"": {""text"": ""moveForward""}}"
debug6KSASD:debug8T9ZE1,213,1597082156863,"{""phase"": ""TEST"", ""event"": ""renderStart"", ""data"": {}}"
debug6KSASD:debug8T9ZE1,214,1597082156864,"{""phase"": ""TEST"", ""event"": ""renderEnd"", ""data"": {}}"
debug6KSASD:debug8T9ZE1,215,1597082157206,"{""phase"": ""TEST"", ""event"": ""handleAction"", ""data"": {""action"": ""moveForward""}}"
debug6KSASD:debug8T9ZE1,216,1597082157207,"{""phase"": ""TEST"", ""event"": ""setStatus"", ""data"": {""text"": ""moveForward""}}"
debug6KSASD:debug8T9ZE1,217,1597082157207,"{""phase"": ""TEST"", ""event"": ""renderStart"", ""data"": {}}"
debug6KSASD:debug8T9ZE1,218,1597082157207,"{""phase"": ""TEST"", ""event"": ""renderEnd"", ""data"": {}}"
debug6KSASD:debug8T9ZE1,219,1597082157207,"{""phase"": ""TEST"", ""event"": ""handleAction"", ""data"": {""action"": ""moveForward""}}"
debug6KSASD:debug8T9ZE1,220,1597082157208,"{""phase"": ""TEST"", ""event"": ""setStatus"", ""data"": {""text"": ""moveForward""}}"
debug6KSASD:debug8T9ZE1,221,1597082157208,"{""phase"": ""TEST"", ""event"": ""renderStart"", ""data"": {}}"
debug6KSASD:debug8T9ZE1,222,1597082157208,"{""phase"": ""TEST"", ""event"": ""renderEnd"", ""data"": {}}"
debug6KSASD:debug8T9ZE1,223,1597082157292,"{""phase"": ""TEST"", ""event"": ""handleAction"", ""data"": {""action"": ""moveForward""}}"
debug6KSASD:debug8T9ZE1,224,1597082157292,"{""phase"": ""TEST"", ""event"": ""setStatus"", ""data"": {""text"": ""moveForward""}}"
debug6KSASD:debug8T9ZE1,225,1597082157292,"{""phase"": ""TEST"", ""event"": ""renderStart"", ""data"": {}}"
debug6KSASD:debug8T9ZE1,226,1597082157293,"{""phase"": ""TEST"", ""event"": ""renderEnd"", ""data"": {}}"
debug6KSASD:debug8T9ZE1,227,1597082157293,"{""phase"": ""TEST"", ""event"": ""handleAction"", ""data"": {""action"": ""moveForward""}}"
debug6KSASD:debug8T9ZE1,228,1597082157293,"{""phase"": ""TEST"", ""event"": ""setStatus"", ""data"": {""text"": ""moveForward""}}"
debug6KSASD:debug8T9ZE1,229,1597082157293,"{""phase"": ""TEST"", ""event"": ""renderStart"", ""data"": {}}"
debug6KSASD:debug8T9ZE1,230,1597082157294,"{""phase"": ""TEST"", ""event"": ""renderEnd"", ""data"": {}}"
debug6KSASD:debug8T9ZE1,231,1597082157375,"{""phase"": ""TEST"", ""event"": ""handleAction"", ""data"": {""action"": ""moveForward""}}"
debug6KSASD:debug8T9ZE1,232,1597082157375,"{""phase"": ""TEST"", ""event"": ""setStatus"", ""data"": {""text"": ""moveForward""}}"
debug6KSASD:debug8T9ZE1,233,1597082157375,"{""phase"": ""TEST"", ""event"": ""renderStart"", ""data"": {}}"
debug6KSASD:debug8T9ZE1,234,1597082157823,"{""phase"": ""TEST"", ""event"": ""renderEnd"", ""data"": {}}"
debug6KSASD:debug8T9ZE1,235,1597082157823,"{""phase"": ""TEST"", ""event"": ""handleAction"", ""data"": {""action"": ""moveForward""}}"
debug6KSASD:debug8T9ZE1,236,1597082157823,"{""phase"": ""TEST"", ""event"": ""setStatus"", ""data"": {""text"": ""moveForward""}}"
debug6KSASD:debug8T9ZE1,237,1597082157823,"{""phase"": ""TEST"", ""event"": ""renderStart"", ""data"": {}}"
debug6KSASD:debug8T9ZE1,238,1597082157823,"{""phase"": ""TEST"", ""event"": ""renderEnd"", ""data"": {}}"
debug6KSASD:debug8T9ZE1,239,1597082157824,"{""phase"": ""TEST"", ""event"": ""handleAction"", ""data"": {""action"": ""lookUp""}}"
debug6KSASD:debug8T9ZE1,240,1597082157824,"{""phase"": ""TEST"", ""event"": ""setStatus"", ""data"": {""text"": ""lookUp""}}"
debug6KSASD:debug8T9ZE1,241,1597082157824,"{""phase"": ""TEST"", ""event"": ""renderStart"", ""data"": {}}"
debug6KSASD:debug8T9ZE1,242,1597082157825,"{""phase"": ""TEST"", ""event"": ""renderEnd"", ""data"": {}}"
debug6KSASD:debug8T9ZE1,243,1597082157825,"{""phase"": ""TEST"", ""event"": ""handleAction"", ""data"": {""action"": ""lookUp""}}"
debug6KSASD:debug8T9ZE1,244,1597082157825,"{""phase"": ""TEST"", ""event"": ""setStatus"", ""data"": {""text"": ""lookUp""}}"
debug6KSASD:debug8T9ZE1,245,1597082157825,"{""phase"": ""TEST"", ""event"": ""renderStart"", ""data"": {}}"
debug6KSASD:debug8T9ZE1,246,1597082157825,"{""phase"": ""TEST"", ""event"": ""renderEnd"", ""data"": {}}"
debug6KSASD:debug8T9ZE1,247,1597082158044,"{""phase"": ""TEST"", ""event"": ""handleAction"", ""data"": {""action"": ""lookUp""}}"
debug6KSASD:debug8T9ZE1,248,1597082158045,"{""phase"": ""TEST"", ""event"": ""setStatus"", ""data"": {""text"": ""lookUp""}}"
debug6KSASD:debug8T9ZE1,249,1597082158045,"{""phase"": ""TEST"", ""event"": ""renderStart"", ""data"": {}}"
debug6KSASD:debug8T9ZE1,250,1597082158046,"{""phase"": ""TEST"", ""event"": ""renderEnd"", ""data"": {}}"
debug6KSASD:debug8T9ZE1,251,1597082158046,"{""phase"": ""TEST"", ""event"": ""handleAction"", ""data"": {""action"": ""lookUp""}}"
debug6KSASD:debug8T9ZE1,252,1597082158046,"{""phase"": ""TEST"", ""event"": ""setStatus"", ""data"": {""text"": ""lookUp""}}"
debug6KSASD:debug8T9ZE1,253,1597082158046,"{""phase"": ""TEST"", ""event"": ""renderStart"", ""data"": {}}"
debug6KSASD:debug8T9ZE1,254,1597082158046,"{""phase"": ""TEST"", ""event"": ""renderEnd"", ""data"": {}}"
debug6KSASD:debug8T9ZE1,255,1597082158254,"{""phase"": ""TEST"", ""event"": ""handleAction"", ""data"": {""action"": ""lookUp""}}"
debug6KSASD:debug8T9ZE1,256,1597082158254,"{""phase"": ""TEST"", ""event"": ""setStatus"", ""data"": {""text"": ""lookUp""}}"
debug6KSASD:debug8T9ZE1,257,1597082158254,"{""phase"": ""TEST"", ""event"": ""renderStart"", ""data"": {}}"
debug6KSASD:debug8T9ZE1,258,1597082158254,"{""phase"": ""TEST"", ""event"": ""renderEnd"", ""data"": {}}"
debug6KSASD:debug8T9ZE1,259,1597082158255,"{""phase"": ""TEST"", ""event"": ""handleAction"", ""data"": {""action"": ""lookUp""}}"
debug6KSASD:debug8T9ZE1,260,1597082158255,"{""phase"": ""TEST"", ""event"": ""setStatus"", ""data"": {""text"": ""lookUp""}}"
debug6KSASD:debug8T9ZE1,261,1597082158255,"{""phase"": ""TEST"", ""event"": ""renderStart"", ""data"": {}}"
debug6KSASD:debug8T9ZE1,262,1597082158255,"{""phase"": ""TEST"", ""event"": ""renderEnd"", ""data"": {}}"
debug6KSASD:debug8T9ZE1,263,1597082158696,"{""phase"": ""TEST"", ""event"": ""handleAction"", ""data"": {""action"": ""turnLeft""}}"
debug6KSASD:debug8T9ZE1,264,1597082158697,"{""phase"": ""TEST"", ""event"": ""setStatus"", ""data"": {""text"": ""turnLeft""}}"
debug6KSASD:debug8T9ZE1,265,1597082158697,"{""phase"": ""TEST"", ""event"": ""renderStart"", ""data"": {}}"
debug6KSASD:debug8T9ZE1,266,1597082158698,"{""phase"": ""TEST"", ""event"": ""renderEnd"", ""data"": {}}"
debug6KSASD:debug8T9ZE1,267,1597082158698,"{""phase"": ""TEST"", ""event"": ""handleAction"", ""data"": {""action"": ""turnLeft""}}"
debug6KSASD:debug8T9ZE1,268,1597082158698,"{""phase"": ""TEST"", ""event"": ""setStatus"", ""data"": {""text"": ""turnLeft""}}"
debug6KSASD:debug8T9ZE1,269,1597082158698,"{""phase"": ""TEST"", ""event"": ""renderStart"", ""data"": {}}"
debug6KSASD:debug8T9ZE1,270,1597082158698,"{""phase"": ""TEST"", ""event"": ""renderEnd"", ""data"": {}}"
debug6KSASD:debug8T9ZE1,271,1597082159198,"{""phase"": ""TEST"", ""event"": ""handleAction"", ""data"": {""action"": ""turnLeft""}}"
debug6KSASD:debug8T9ZE1,272,1597082159198,"{""phase"": ""TEST"", ""event"": ""setStatus"", ""data"": {""text"": ""turnLeft""}}"
debug6KSASD:debug8T9ZE1,273,1597082159198,"{""phase"": ""TEST"", ""event"": ""renderStart"", ""data"": {}}"
debug6KSASD:debug8T9ZE1,274,1597082159199,"{""phase"": ""TEST"", ""event"": ""renderEnd"", ""data"": {}}"
debug6KSASD:debug8T9ZE1,275,1597082159199,"{""phase"": ""TEST"", ""event"": ""handleAction"", ""data"": {""action"": ""turnLeft""}}"
debug6KSASD:debug8T9ZE1,276,1597082159199,"{""phase"": ""TEST"", ""event"": ""setStatus"", ""data"": {""text"": ""turnLeft""}}"
debug6KSASD:debug8T9ZE1,277,1597082159199,"{""phase"": ""TEST"", ""event"": ""renderStart"", ""data"": {}}"
debug6KSASD:debug8T9ZE1,278,1597082159200,"{""phase"": ""TEST"", ""event"": ""renderEnd"", ""data"": {}}"
debug6KSASD:debug8T9ZE1,279,1597082159283,"{""phase"": ""TEST"", ""event"": ""handleAction"", ""data"": {""action"": ""turnLeft""}}"
debug6KSASD:debug8T9ZE1,280,1597082159283,"{""phase"": ""TEST"", ""event"": ""setStatus"", ""data"": {""text"": ""turnLeft""}}"
debug6KSASD:debug8T9ZE1,281,1597082159283,"{""phase"": ""TEST"", ""event"": ""renderStart"", ""data"": {}}"
debug6KSASD:debug8T9ZE1,282,1597082159284,"{""phase"": ""TEST"", ""event"": ""renderEnd"", ""data"": {}}"
debug6KSASD:debug8T9ZE1,283,1597082159284,"{""phase"": ""TEST"", ""event"": ""handleAction"", ""data"": {""action"": ""turnLeft""}}"
debug6KSASD:debug8T9ZE1,284,1597082159284,"{""phase"": ""TEST"", ""event"": ""setStatus"", ""data"": {""text"": ""turnLeft""}}"
debug6KSASD:debug8T9ZE1,285,1597082159284,"{""phase"": ""TEST"", ""event"": ""renderStart"", ""data"": {}}"
debug6KSASD:debug8T9ZE1,286,1597082159285,"{""phase"": ""TEST"", ""event"": ""renderEnd"", ""data"": {}}"
debug6KSASD:debug8T9ZE1,287,1597082159365,"{""phase"": ""TEST"", ""event"": ""handleAction"", ""data"": {""action"": ""turnLeft""}}"
debug6KSASD:debug8T9ZE1,288,1597082159365,"{""phase"": ""TEST"", ""event"": ""setStatus"", ""data"": {""text"": ""turnLeft""}}"
debug6KSASD:debug8T9ZE1,289,1597082159365,"{""phase"": ""TEST"", ""event"": ""renderStart"", ""data"": {}}"
debug6KSASD:debug8T9ZE1,290,1597082159366,"{""phase"": ""TEST"", ""event"": ""renderEnd"", ""data"": {}}"
debug6KSASD:debug8T9ZE1,291,1597082159366,"{""phase"": ""TEST"", ""event"": ""handleAction"", ""data"": {""action"": ""turnLeft""}}"
debug6KSASD:debug8T9ZE1,292,1597082159366,"{""phase"": ""TEST"", ""event"": ""setStatus"", ""data"": {""text"": ""turnLeft""}}"
debug6KSASD:debug8T9ZE1,293,1597082159366,"{""phase"": ""TEST"", ""event"": ""renderStart"", ""data"": {}}"
debug6KSASD:debug8T9ZE1,294,1597082159367,"{""phase"": ""TEST"", ""event"": ""renderEnd"", ""data"": {}}"
debug6KSASD:debug8T9ZE1,295,1597082159449,"{""phase"": ""TEST"", ""event"": ""handleAction"", ""data"": {""action"": ""turnLeft""}}"
debug6KSASD:debug8T9ZE1,296,1597082159449,"{""phase"": ""TEST"", ""event"": ""setStatus"", ""data"": {""text"": ""turnLeft""}}"
debug6KSASD:debug8T9ZE1,297,1597082159449,"{""phase"": ""TEST"", ""event"": ""renderStart"", ""data"": {}}"
debug6KSASD:debug8T9ZE1,298,1597082159449,"{""phase"": ""TEST"", ""event"": ""renderEnd"", ""data"": {}}"
debug6KSASD:debug8T9ZE1,299,1597082159450,"{""phase"": ""TEST"", ""event"": ""handleAction"", ""data"": {""action"": ""turnLeft""}}"
debug6KSASD:debug8T9ZE1,300,1597082159450,"{""phase"": ""TEST"", ""event"": ""setStatus"", ""data"": {""text"": ""turnLeft""}}"
debug6KSASD:debug8T9ZE1,301,1597082159450,"{""phase"": ""TEST"", ""event"": ""renderStart"", ""data"": {}}"
debug6KSASD:debug8T9ZE1,302,1597082159450,"{""phase"": ""TEST"", ""event"": ""renderEnd"", ""data"": {}}"
debug6KSASD:debug8T9ZE1,303,1597082159532,"{""phase"": ""TEST"", ""event"": ""handleAction"", ""data"": {""action"": ""turnLeft""}}"
debug6KSASD:debug8T9ZE1,304,1597082159532,"{""phase"": ""TEST"", ""event"": ""setStatus"", ""data"": {""text"": ""turnLeft""}}"
debug6KSASD:debug8T9ZE1,305,1597082159532,"{""phase"": ""TEST"", ""event"": ""renderStart"", ""data"": {}}"
debug6KSASD:debug8T9ZE1,306,1597082159533,"{""phase"": ""TEST"", ""event"": ""renderEnd"", ""data"": {}}"
debug6KSASD:debug8T9ZE1,307,1597082159533,"{""phase"": ""TEST"", ""event"": ""handleAction"", ""data"": {""action"": ""turnLeft""}}"
debug6KSASD:debug8T9ZE1,308,1597082159533,"{""phase"": ""TEST"", ""event"": ""setStatus"", ""data"": {""text"": ""turnLeft""}}"
debug6KSASD:debug8T9ZE1,309,1597082159533,"{""phase"": ""TEST"", ""event"": ""renderStart"", ""data"": {}}"
debug6KSASD:debug8T9ZE1,310,1597082159533,"{""phase"": ""TEST"", ""event"": ""renderEnd"", ""data"": {}}"
debug6KSASD:debug8T9ZE1,311,1597082159727,"{""phase"": ""TEST"", ""event"": ""handleAction"", ""data"": {""action"": ""lookUp""}}"
debug6KSASD:debug8T9ZE1,312,1597082159728,"{""phase"": ""TEST"", ""event"": ""setStatus"", ""data"": {""text"": ""lookUp""}}"
debug6KSASD:debug8T9ZE1,313,1597082159728,"{""phase"": ""TEST"", ""event"": ""renderStart"", ""data"": {}}"
debug6KSASD:debug8T9ZE1,314,1597082159728,"{""phase"": ""TEST"", ""event"": ""renderEnd"", ""data"": {}}"
debug6KSASD:debug8T9ZE1,315,1597082159728,"{""phase"": ""TEST"", ""event"": ""handleAction"", ""data"": {""action"": ""lookUp""}}"
debug6KSASD:debug8T9ZE1,316,1597082159728,"{""phase"": ""TEST"", ""event"": ""setStatus"", ""data"": {""text"": ""lookUp""}}"
debug6KSASD:debug8T9ZE1,317,1597082159728,"{""phase"": ""TEST"", ""event"": ""renderStart"", ""data"": {}}"
debug6KSASD:debug8T9ZE1,318,1597082159729,"{""phase"": ""TEST"", ""event"": ""renderEnd"", ""data"": {}}"
debug6KSASD:debug8T9ZE1,319,1597082160345,"{""phase"": ""TEST"", ""event"": ""handleAction"", ""data"": {""action"": ""moveForward""}}"
debug6KSASD:debug8T9ZE1,320,1597082160346,"{""phase"": ""TEST"", ""event"": ""setStatus"", ""data"": {""text"": ""moveForward""}}"
debug6KSASD:debug8T9ZE1,321,1597082160346,"{""phase"": ""TEST"", ""event"": ""renderStart"", ""data"": {}}"
debug6KSASD:debug8T9ZE1,322,1597082160346,"{""phase"": ""TEST"", ""event"": ""renderEnd"", ""data"": {}}"
debug6KSASD:debug8T9ZE1,323,1597082160347,"{""phase"": ""TEST"", ""event"": ""handleAction"", ""data"": {""action"": ""moveForward""}}"
debug6KSASD:debug8T9ZE1,324,1597082160347,"{""phase"": ""TEST"", ""event"": ""setStatus"", ""data"": {""text"": ""moveForward""}}"
debug6KSASD:debug8T9ZE1,325,1597082160347,"{""phase"": ""TEST"", ""event"": ""renderStart"", ""data"": {}}"
debug6KSASD:debug8T9ZE1,326,1597082160347,"{""phase"": ""TEST"", ""event"": ""renderEnd"", ""data"": {}}"
debug6KSASD:debug8T9ZE1,327,1597082160393,"{""phase"": ""TEST"", ""event"": ""handleAction"", ""data"": {""action"": ""turnRight""}}"
debug6KSASD:debug8T9ZE1,328,1597082160393,"{""phase"": ""TEST"", ""event"": ""setStatus"", ""data"": {""text"": ""turnRight""}}"
debug6KSASD:debug8T9ZE1,329,1597082160393,"{""phase"": ""TEST"", ""event"": ""renderStart"", ""data"": {}}"
debug6KSASD:debug8T9ZE1,330,1597082160394,"{""phase"": ""TEST"", ""event"": ""renderEnd"", ""data"": {}}"
debug6KSASD:debug8T9ZE1,331,1597082160394,"{""phase"": ""TEST"", ""event"": ""handleAction"", ""data"": {""action"": ""turnRight""}}"
debug6KSASD:debug8T9ZE1,332,1597082160394,"{""phase"": ""TEST"", ""event"": ""setStatus"", ""data"": {""text"": ""turnRight""}}"
debug6KSASD:debug8T9ZE1,333,1597082160394,"{""phase"": ""TEST"", ""event"": ""renderStart"", ""data"": {}}"
debug6KSASD:debug8T9ZE1,334,1597082160395,"{""phase"": ""TEST"", ""event"": ""renderEnd"", ""data"": {}}"
debug6KSASD:debug8T9ZE1,335,1597082161236,"{""phase"": ""TEST"", ""event"": ""handleAction"", ""data"": {""action"": ""turnLeft""}}"
debug6KSASD:debug8T9ZE1,336,1597082161237,"{""phase"": ""TEST"", ""event"": ""setStatus"", ""data"": {""text"": ""turnLeft""}}"
debug6KSASD:debug8T9ZE1,337,1597082161237,"{""phase"": ""TEST"", ""event"": ""renderStart"", ""data"": {}}"
debug6KSASD:debug8T9ZE1,338,1597082161237,"{""phase"": ""TEST"", ""event"": ""renderEnd"", ""data"": {}}"
debug6KSASD:debug8T9ZE1,339,1597082161237,"{""phase"": ""TEST"", ""event"": ""handleAction"", ""data"": {""action"": ""turnLeft""}}"
debug6KSASD:debug8T9ZE1,340,1597082161237,"{""phase"": ""TEST"", ""event"": ""setStatus"", ""data"": {""text"": ""turnLeft""}}"
debug6KSASD:debug8T9ZE1,341,1597082161237,"{""phase"": ""TEST"", ""event"": ""renderStart"", ""data"": {}}"
debug6KSASD:debug8T9ZE1,342,1597082161238,"{""phase"": ""TEST"", ""event"": ""renderEnd"", ""data"": {}}"
debug6KSASD:debug8T9ZE1,343,1597082161738,"{""phase"": ""TEST"", ""event"": ""handleAction"", ""data"": {""action"": ""turnLeft""}}"
debug6KSASD:debug8T9ZE1,344,1597082161738,"{""phase"": ""TEST"", ""event"": ""setStatus"", ""data"": {""text"": ""turnLeft""}}"
debug6KSASD:debug8T9ZE1,345,1597082161738,"{""phase"": ""TEST"", ""event"": ""renderStart"", ""data"": {}}"
debug6KSASD:debug8T9ZE1,346,1597082161739,"{""phase"": ""TEST"", ""event"": ""renderEnd"", ""data"": {}}"
debug6KSASD:debug8T9ZE1,347,1597082161739,"{""phase"": ""TEST"", ""event"": ""handleAction"", ""data"": {""action"": ""turnLeft""}}"
debug6KSASD:debug8T9ZE1,348,1597082161739,"{""phase"": ""TEST"", ""event"": ""setStatus"", ""data"": {""text"": ""turnLeft""}}"
debug6KSASD:debug8T9ZE1,349,1597082161739,"{""phase"": ""TEST"", ""event"": ""renderStart"", ""data"": {}}"
debug6KSASD:debug8T9ZE1,350,1597082161739,"{""phase"": ""TEST"", ""event"": ""renderEnd"", ""data"": {}}"
debug6KSASD:debug8T9ZE1,351,1597082161822,"{""phase"": ""TEST"", ""event"": ""handleAction"", ""data"": {""action"": ""turnLeft""}}"
debug6KSASD:debug8T9ZE1,352,1597082161822,"{""phase"": ""TEST"", ""event"": ""setStatus"", ""data"": {""text"": ""turnLeft""}}"
debug6KSASD:debug8T9ZE1,353,1597082161822,"{""phase"": ""TEST"", ""event"": ""renderStart"", ""data"": {}}"
debug6KSASD:debug8T9ZE1,354,1597082161823,"{""phase"": ""TEST"", ""event"": ""renderEnd"", ""data"": {}}"
debug6KSASD:debug8T9ZE1,355,1597082161823,"{""phase"": ""TEST"", ""event"": ""handleAction"", ""data"": {""action"": ""turnLeft""}}"
debug6KSASD:debug8T9ZE1,356,1597082161824,"{""phase"": ""TEST"", ""event"": ""setStatus"", ""data"": {""text"": ""turnLeft""}}"
debug6KSASD:debug8T9ZE1,357,1597082161824,"{""phase"": ""TEST"", ""event"": ""renderStart"", ""data"": {}}"
debug6KSASD:debug8T9ZE1,358,1597082161824,"{""phase"": ""TEST"", ""event"": ""renderEnd"", ""data"": {}}"
debug6KSASD:debug8T9ZE1,359,1597082161905,"{""phase"": ""TEST"", ""event"": ""handleAction"", ""data"": {""action"": ""turnLeft""}}"
debug6KSASD:debug8T9ZE1,360,1597082161905,"{""phase"": ""TEST"", ""event"": ""setStatus"", ""data"": {""text"": ""turnLeft""}}"
debug6KSASD:debug8T9ZE1,361,1597082161905,"{""phase"": ""TEST"", ""event"": ""renderStart"", ""data"": {}}"
debug6KSASD:debug8T9ZE1,362,1597082161906,"{""phase"": ""TEST"", ""event"": ""renderEnd"", ""data"": {}}"
debug6KSASD:debug8T9ZE1,363,1597082161906,"{""phase"": ""TEST"", ""event"": ""handleAction"", ""data"": {""action"": ""turnLeft""}}"
debug6KSASD:debug8T9ZE1,364,1597082161907,"{""phase"": ""TEST"", ""event"": ""setStatus"", ""data"": {""text"": ""turnLeft""}}"
debug6KSASD:debug8T9ZE1,365,1597082161907,"{""phase"": ""TEST"", ""event"": ""renderStart"", ""data"": {}}"
debug6KSASD:debug8T9ZE1,366,1597082161907,"{""phase"": ""TEST"", ""event"": ""renderEnd"", ""data"": {}}"
debug6KSASD:debug8T9ZE1,367,1597082161990,"{""phase"": ""TEST"", ""event"": ""handleAction"", ""data"": {""action"": ""turnLeft""}}"
debug6KSASD:debug8T9ZE1,368,1597082161990,"{""phase"": ""TEST"", ""event"": ""setStatus"", ""data"": {""text"": ""turnLeft""}}"
debug6KSASD:debug8T9ZE1,369,1597082161990,"{""phase"": ""TEST"", ""event"": ""renderStart"", ""data"": {}}"
debug6KSASD:debug8T9ZE1,370,1597082161991,"{""phase"": ""TEST"", ""event"": ""renderEnd"", ""data"": {}}"
debug6KSASD:debug8T9ZE1,371,1597082161991,"{""phase"": ""TEST"", ""event"": ""handleAction"", ""data"": {""action"": ""turnLeft""}}"
debug6KSASD:debug8T9ZE1,372,1597082161991,"{""phase"": ""TEST"", ""event"": ""setStatus"", ""data"": {""text"": ""turnLeft""}}"
debug6KSASD:debug8T9ZE1,373,1597082161991,"{""phase"": ""TEST"", ""event"": ""renderStart"", ""data"": {}}"
debug6KSASD:debug8T9ZE1,374,1597082161992,"{""phase"": ""TEST"", ""event"": ""renderEnd"", ""data"": {}}"
debug6KSASD:debug8T9ZE1,375,1597082162277,"{""phase"": ""TEST"", ""event"": ""handleAction"", ""data"": {""action"": ""moveForward""}}"
debug6KSASD:debug8T9ZE1,376,1597082162277,"{""phase"": ""TEST"", ""event"": ""setStatus"", ""data"": {""text"": ""moveForward""}}"
debug6KSASD:debug8T9ZE1,377,1597082162277,"{""phase"": ""TEST"", ""event"": ""renderStart"", ""data"": {}}"
debug6KSASD:debug8T9ZE1,378,1597082162278,"{""phase"": ""TEST"", ""event"": ""renderEnd"", ""data"": {}}"
debug6KSASD:debug8T9ZE1,379,1597082162278,"{""phase"": ""TEST"", ""event"": ""handleAction"", ""data"": {""action"": ""moveForward""}}"
debug6KSASD:debug8T9ZE1,380,1597082162278,"{""phase"": ""TEST"", ""event"": ""setStatus"", ""data"": {""text"": ""moveForward""}}"
debug6KSASD:debug8T9ZE1,381,1597082162278,"{""phase"": ""TEST"", ""event"": ""renderStart"", ""data"": {}}"
debug6KSASD:debug8T9ZE1,382,1597082162278,"{""phase"": ""TEST"", ""event"": ""renderEnd"", ""data"": {}}"
debug6KSASD:debug8T9ZE1,383,1597082162601,"{""phase"": ""TEST"", ""event"": ""handleAction"", ""data"": {""action"": ""turnRight""}}"
debug6KSASD:debug8T9ZE1,384,1597082162601,"{""phase"": ""TEST"", ""event"": ""setStatus"", ""data"": {""text"": ""turnRight""}}"
debug6KSASD:debug8T9ZE1,385,1597082162601,"{""phase"": ""TEST"", ""event"": ""renderStart"", ""data"": {}}"
debug6KSASD:debug8T9ZE1,386,1597082162602,"{""phase"": ""TEST"", ""event"": ""renderEnd"", ""data"": {}}"
debug6KSASD:debug8T9ZE1,387,1597082162602,"{""phase"": ""TEST"", ""event"": ""handleAction"", ""data"": {""action"": ""turnRight""}}"
debug6KSASD:debug8T9ZE1,388,1597082162602,"{""phase"": ""TEST"", ""event"": ""setStatus"", ""data"": {""text"": ""turnRight""}}"
debug6KSASD:debug8T9ZE1,389,1597082162602,"{""phase"": ""TEST"", ""event"": ""renderStart"", ""data"": {}}"
debug6KSASD:debug8T9ZE1,390,1597082162602,"{""phase"": ""TEST"", ""event"": ""renderEnd"", ""data"": {}}"
debug6KSASD:debug8T9ZE1,391,1597082163326,"{""phase"": ""TEST"", ""event"": ""handleAction"", ""data"": {""action"": ""turnLeft""}}"
debug6KSASD:debug8T9ZE1,392,1597082163326,"{""phase"": ""TEST"", ""event"": ""setStatus"", ""data"": {""text"": ""turnLeft""}}"
debug6KSASD:debug8T9ZE1,393,1597082163326,"{""phase"": ""TEST"", ""event"": ""renderStart"", ""data"": {}}"
debug6KSASD:debug8T9ZE1,394,1597082163327,"{""phase"": ""TEST"", ""event"": ""renderEnd"", ""data"": {}}"
debug6KSASD:debug8T9ZE1,395,1597082163327,"{""phase"": ""TEST"", ""event"": ""handleAction"", ""data"": {""action"": ""turnLeft""}}"
debug6KSASD:debug8T9ZE1,396,1597082163327,"{""phase"": ""TEST"", ""event"": ""setStatus"", ""data"": {""text"": ""turnLeft""}}"
debug6KSASD:debug8T9ZE1,397,1597082163327,"{""phase"": ""TEST"", ""event"": ""renderStart"", ""data"": {}}"
debug6KSASD:debug8T9ZE1,398,1597082163328,"{""phase"": ""TEST"", ""event"": ""renderEnd"", ""data"": {}}"
debug6KSASD:debug8T9ZE1,399,1597082163816,"{""phase"": ""TEST"", ""event"": ""handleAction"", ""data"": {""action"": ""moveForward""}}"
debug6KSASD:debug8T9ZE1,400,1597082163817,"{""phase"": ""TEST"", ""event"": ""setStatus"", ""data"": {""text"": ""moveForward""}}"
debug6KSASD:debug8T9ZE1,401,1597082163817,"{""phase"": ""TEST"", ""event"": ""renderStart"", ""data"": {}}"
debug6KSASD:debug8T9ZE1,402,1597082163817,"{""phase"": ""TEST"", ""event"": ""renderEnd"", ""data"": {}}"
debug6KSASD:debug8T9ZE1,403,1597082163817,"{""phase"": ""TEST"", ""event"": ""handleAction"", ""data"": {""action"": ""moveForward""}}"
debug6KSASD:debug8T9ZE1,404,1597082163818,"{""phase"": ""TEST"", ""event"": ""setStatus"", ""data"": {""text"": ""moveForward""}}"
debug6KSASD:debug8T9ZE1,405,1597082163818,"{""phase"": ""TEST"", ""event"": ""renderStart"", ""data"": {}}"
debug6KSASD:debug8T9ZE1,406,1597082163818,"{""phase"": ""TEST"", ""event"": ""renderEnd"", ""data"": {}}"
debug6KSASD:debug8T9ZE1,407,1597082164286,"{""phase"": ""TEST"", ""event"": ""handleAction"", ""data"": {""action"": ""turnRight""}}"
debug6KSASD:debug8T9ZE1,408,1597082164286,"{""phase"": ""TEST"", ""event"": ""setStatus"", ""data"": {""text"": ""turnRight""}}"
debug6KSASD:debug8T9ZE1,409,1597082164286,"{""phase"": ""TEST"", ""event"": ""renderStart"", ""data"": {}}"
debug6KSASD:debug8T9ZE1,410,1597082164287,"{""phase"": ""TEST"", ""event"": ""renderEnd"", ""data"": {}}"
debug6KSASD:debug8T9ZE1,411,1597082164287,"{""phase"": ""TEST"", ""event"": ""handleAction"", ""data"": {""action"": ""turnRight""}}"
debug6KSASD:debug8T9ZE1,412,1597082164287,"{""phase"": ""TEST"", ""event"": ""setStatus"", ""data"": {""text"": ""turnRight""}}"
debug6KSASD:debug8T9ZE1,413,1597082164287,"{""phase"": ""TEST"", ""event"": ""renderStart"", ""data"": {}}"
debug6KSASD:debug8T9ZE1,414,1597082164288,"{""phase"": ""TEST"", ""event"": ""renderEnd"", ""data"": {}}"
debug6KSASD:debug8T9ZE1,415,1597082164756,"{""phase"": ""TEST"", ""event"": ""handleAction"", ""data"": {""action"": ""lookDown""}}"
debug6KSASD:debug8T9ZE1,416,1597082164756,"{""phase"": ""TEST"", ""event"": ""setStatus"", ""data"": {""text"": ""lookDown""}}"
debug6KSASD:debug8T9ZE1,417,1597082164756,"{""phase"": ""TEST"", ""event"": ""renderStart"", ""data"": {}}"
debug6KSASD:debug8T9ZE1,418,1597082164756,"{""phase"": ""TEST"", ""event"": ""renderEnd"", ""data"": {}}"
debug6KSASD:debug8T9ZE1,419,1597082164757,"{""phase"": ""TEST"", ""event"": ""handleAction"", ""data"": {""action"": ""lookDown""}}"
debug6KSASD:debug8T9ZE1,420,1597082164757,"{""phase"": ""TEST"", ""event"": ""setStatus"", ""data"": {""text"": ""lookDown""}}"
debug6KSASD:debug8T9ZE1,421,1597082164757,"{""phase"": ""TEST"", ""event"": ""renderStart"", ""data"": {}}"
debug6KSASD:debug8T9ZE1,422,1597082164757,"{""phase"": ""TEST"", ""event"": ""renderEnd"", ""data"": {}}"
debug6KSASD:debug8T9ZE1,423,1597082165390,"{""phase"": ""TEST"", ""event"": ""handleAction"", ""data"": {""action"": ""lookDown""}}"
debug6KSASD:debug8T9ZE1,424,1597082165391,"{""phase"": ""TEST"", ""event"": ""setStatus"", ""data"": {""text"": ""lookDown""}}"
debug6KSASD:debug8T9ZE1,425,1597082165391,"{""phase"": ""TEST"", ""event"": ""renderStart"", ""data"": {}}"
debug6KSASD:debug8T9ZE1,426,1597082165391,"{""phase"": ""TEST"", ""event"": ""renderEnd"", ""data"": {}}"
debug6KSASD:debug8T9ZE1,427,1597082165391,"{""phase"": ""TEST"", ""event"": ""handleAction"", ""data"": {""action"": ""lookDown""}}"
debug6KSASD:debug8T9ZE1,428,1597082165391,"{""phase"": ""TEST"", ""event"": ""setStatus"", ""data"": {""text"": ""lookDown""}}"
debug6KSASD:debug8T9ZE1,429,1597082165391,"{""phase"": ""TEST"", ""event"": ""renderStart"", ""data"": {}}"
debug6KSASD:debug8T9ZE1,430,1597082165391,"{""phase"": ""TEST"", ""event"": ""renderEnd"", ""data"": {}}"
debug6KSASD:debug8T9ZE1,431,1597082167875,"{""phase"": ""TEST"", ""event"": ""handleAction"", ""data"": {""action"": ""grabReleaseObject""}}"
debug6KSASD:debug8T9ZE1,432,1597082168494,"{""phase"": ""TEST"", ""event"": ""setStatus"", ""data"": {""text"": ""grabReleaseObject""}}"
debug6KSASD:debug8T9ZE1,433,1597082168494,"{""phase"": ""TEST"", ""event"": ""renderStart"", ""data"": {}}"
debug6KSASD:debug8T9ZE1,434,1597082168495,"{""phase"": ""TEST"", ""event"": ""renderEnd"", ""data"": {}}"
debug6KSASD:debug8T9ZE1,435,1597082168495,"{""phase"": ""TEST"", ""event"": ""handleAction"", ""data"": {""action"": ""grabReleaseObject""}}"
debug6KSASD:debug8T9ZE1,436,1597082169097,"{""phase"": ""TEST"", ""event"": ""setStatus"", ""data"": {""text"": ""grabReleaseObject""}}"
debug6KSASD:debug8T9ZE1,437,1597082169097,"{""phase"": ""TEST"", ""event"": ""renderStart"", ""data"": {}}"
debug6KSASD:debug8T9ZE1,438,1597082169097,"{""phase"": ""TEST"", ""event"": ""renderEnd"", ""data"": {}}"
debug6KSASD:debug8T9ZE1,439,1597082234581,"{""phase"": ""TEST"", ""event"": ""handleAction"", ""data"": {""action"": ""moveForward""}}"
debug6KSASD:debug8T9ZE1,440,1597082234582,"{""phase"": ""TEST"", ""event"": ""setStatus"", ""data"": {""text"": ""moveForward""}}"
debug6KSASD:debug8T9ZE1,441,1597082234582,"{""phase"": ""TEST"", ""event"": ""renderStart"", ""data"": {}}"
debug6KSASD:debug8T9ZE1,442,1597082234583,"{""phase"": ""TEST"", ""event"": ""renderEnd"", ""data"": {}}"
debug6KSASD:debug8T9ZE1,443,1597082234584,"{""phase"": ""TEST"", ""event"": ""handleAction"", ""data"": {""action"": ""moveForward""}}"
debug6KSASD:debug8T9ZE1,444,1597082234584,"{""phase"": ""TEST"", ""event"": ""setStatus"", ""data"": {""text"": ""moveForward""}}"
debug6KSASD:debug8T9ZE1,445,1597082234584,"{""phase"": ""TEST"", ""event"": ""renderStart"", ""data"": {}}"
debug6KSASD:debug8T9ZE1,446,1597082234584,"{""phase"": ""TEST"", ""event"": ""renderEnd"", ""data"": {}}"
debug6KSASD:debug8T9ZE1,447,1597082235354,"{""phase"": ""TEST"", ""event"": ""handleAction"", ""data"": {""action"": ""lookDown""}}"
debug6KSASD:debug8T9ZE1,448,1597082235355,"{""phase"": ""TEST"", ""event"": ""setStatus"", ""data"": {""text"": ""lookDown""}}"
debug6KSASD:debug8T9ZE1,449,1597082235355,"{""phase"": ""TEST"", ""event"": ""renderStart"", ""data"": {}}"
debug6KSASD:debug8T9ZE1,450,1597082235355,"{""phase"": ""TEST"", ""event"": ""renderEnd"", ""data"": {}}"
debug6KSASD:debug8T9ZE1,451,1597082235355,"{""phase"": ""TEST"", ""event"": ""handleAction"", ""data"": {""action"": ""lookDown""}}"
debug6KSASD:debug8T9ZE1,452,1597082235356,"{""phase"": ""TEST"", ""event"": ""setStatus"", ""data"": {""text"": ""lookDown""}}"
debug6KSASD:debug8T9ZE1,453,1597082235356,"{""phase"": ""TEST"", ""event"": ""renderStart"", ""data"": {}}"
debug6KSASD:debug8T9ZE1,454,1597082235356,"{""phase"": ""TEST"", ""event"": ""renderEnd"", ""data"": {}}"
debug6KSASD:debug8T9ZE1,455,1597082236274,"{""phase"": ""TEST"", ""event"": ""handleAction"", ""data"": {""action"": ""grabReleaseObject""}}"
debug6KSASD:debug8T9ZE1,456,1597082237539,"{""phase"": ""TEST"", ""event"": ""setStatus"", ""data"": {""text"": ""grabReleaseObject""}}"
debug6KSASD:debug8T9ZE1,457,1597082237539,"{""phase"": ""TEST"", ""event"": ""renderStart"", ""data"": {}}"
debug6KSASD:debug8T9ZE1,458,1597082237540,"{""phase"": ""TEST"", ""event"": ""renderEnd"", ""data"": {}}"
debug6KSASD:debug8T9ZE1,459,1597082237540,"{""phase"": ""TEST"", ""event"": ""handleAction"", ""data"": {""action"": ""grabReleaseObject""}}"
debug6KSASD:debug8T9ZE1,460,1597082238878,"{""phase"": ""TEST"", ""event"": ""setStatus"", ""data"": {""text"": ""grabReleaseObject""}}"
debug6KSASD:debug8T9ZE1,461,1597082238878,"{""phase"": ""TEST"", ""event"": ""renderStart"", ""data"": {}}"
debug6KSASD:debug8T9ZE1,462,1597082238878,"{""phase"": ""TEST"", ""event"": ""renderEnd"", ""data"": {}}"
debug6KSASD:debug8T9ZE1,463,1597082240199,"{""phase"": ""TEST"", ""event"": ""handleAction"", ""data"": {""action"": ""grabReleaseObject""}}"
debug6KSASD:debug8T9ZE1,464,1597082241484,"{""phase"": ""TEST"", ""event"": ""setStatus"", ""data"": {""text"": ""grabReleaseObject""}}"
debug6KSASD:debug8T9ZE1,465,1597082241484,"{""phase"": ""TEST"", ""event"": ""renderStart"", ""data"": {}}"
debug6KSASD:debug8T9ZE1,466,1597082241485,"{""phase"": ""TEST"", ""event"": ""renderEnd"", ""data"": {}}"
debug6KSASD:debug8T9ZE1,467,1597082241485,"{""phase"": ""TEST"", ""event"": ""handleAction"", ""data"": {""action"": ""grabReleaseObject""}}"
debug6KSASD:debug8T9ZE1,468,1597082242910,"{""phase"": ""TEST"", ""event"": ""setStatus"", ""data"": {""text"": ""grabReleaseObject""}}"
debug6KSASD:debug8T9ZE1,469,1597082242910,"{""phase"": ""TEST"", ""event"": ""renderStart"", ""data"": {}}"
debug6KSASD:debug8T9ZE1,470,1597082242910,"{""phase"": ""TEST"", ""event"": ""renderEnd"", ""data"": {}}"
debug6KSASD:debug8T9ZE1,471,1597082255062,"{""phase"": ""TEST"", ""event"": ""handleAction"", ""data"": {""action"": ""endPsiturkTask""}}"
debug6KSASD:debug8T9ZE1,472,1597082255062,"{""type"": ""finishStep"", ""phase"": ""TEST""}"
debug6KSASD:debug8T9ZE1,473,1597082255065,"{""phase"": ""postquestionnaire"", ""status"": ""begin""}"
debug6KSASD:debug8T9ZE1,474,1597082255066,"{""phase"": ""TEST"", ""event"": ""setStatus"", ""data"": {""text"": ""endPsiturkTask""}}"
debug6KSASD:debug8T9ZE1,475,1597082255066,"{""phase"": ""TEST"", ""event"": ""renderStart"", ""data"": {}}"
debug6KSASD:debug8T9ZE1,476,1597082255066,"{""phase"": ""TEST"", ""event"": ""renderEnd"", ""data"": {}}"
debug6KSASD:debug8T9ZE1,477,1597082255067,"{""phase"": ""TEST"", ""event"": ""handleAction"", ""data"": {""action"": ""endPsiturkTask""}}"
debug6KSASD:debug8T9ZE1,478,1597082255067,"{""type"": ""finishStep"", ""phase"": ""TEST""}"
debug6KSASD:debug8T9ZE1,479,1597082255068,"{""phase"": ""postquestionnaire"", ""status"": ""begin""}"
debug6KSASD:debug8T9ZE1,480,1597082255068,"{""phase"": ""TEST"", ""event"": ""setStatus"", ""data"": {""text"": ""endPsiturkTask""}}"
debug6KSASD:debug8T9ZE1,481,1597082255068,"{""phase"": ""TEST"", ""event"": ""renderStart"", ""data"": {}}"
debug6KSASD:debug8T9ZE1,482,1597082255068,"{""phase"": ""TEST"", ""event"": ""renderEnd"", ""data"": {}}"
debug6KSASD:debug8T9ZE1,483,1597082256092,"{""phase"": ""postquestionnaire"", ""status"": ""submit""}"
